timestamp_ist,city,temperature_c,humidity_pct,wind_speed_kmh,precipitation_mm,pm2_5,pm10,us_aqi
2026-06-08T00:11:45,Bengaluru,21.8,90,9.1,0.0,4.4,4.5,24
2026-06-08T00:11:47,Delhi,34.3,37,5.6,0.0,84.1,250.5,261
2026-06-08T00:11:48,Mumbai,30.4,75,8.1,0.1,18.9,59.5,72
2026-06-08T00:11:51,New York,25.7,39,24.6,0.0,8.5,9.0,42
2026-06-08T00:11:52,Chennai,29.1,79,4.9,0.0,13.9,16.1,47
2026-06-08T00:16:46,Bengaluru,21.7,91,9.4,0.0,4.4,4.5,24
2026-06-08T00:16:47,Delhi,34.0,38,5.2,0.0,84.1,250.5,261
2026-06-08T00:16:48,Mumbai,30.3,76,8.2,0.1,18.9,59.5,72
2026-06-08T00:16:51,New York,26.2,38,19.0,0.0,8.5,9.0,42
2026-06-08T00:16:52,Chennai,29.1,79,5.5,0.0,13.9,16.1,47
2026-06-08T00:27:41,Bengaluru,21.7,91,9.4,0.0,4.4,4.5,24
2026-06-08T00:27:42,Delhi,34.0,38,5.2,0.0,84.1,250.5,261
2026-06-08T00:27:43,Mumbai,30.3,76,8.2,0.1,18.9,59.5,72
2026-06-08T00:27:44,New York,26.2,44,19.0,0.0,8.5,9.0,42
2026-06-08T00:27:45,Chennai,29.1,79,5.5,0.0,13.9,16.1,47
2026-06-08T00:27:46,Gurugram,31.3,50,7.1,0.0,85.0,238.0,485
2026-06-08T10:30:22,Bengaluru,26.4,69,14.9,0.0,5.5,7.4,21
2026-06-08T10:30:25,Delhi,37.8,33,12.4,0.0,81.0,359.5,167
2026-06-08T10:30:28,Mumbai,31.1,68,9.0,0.1,23.9,58.2,83
2026-06-08T16:56:10,Bengaluru,27.0,62,19.3,0.1,4.0,5.8,36
2026-06-08T16:56:11,Delhi,41.3,15,13.8,0.0,100.8,653.8,245
2026-06-08T16:56:12,Mumbai,33.1,54,16.8,0.0,25.3,77.8,82
2026-06-08T16:56:13,New York,17.8,71,11.4,0.0,10.2,10.7,30
2026-06-08T16:56:14,Chennai,35.2,46,2.3,0.0,14.9,19.7,53
2026-06-08T16:56:15,Gurugram,40.4,16,15.5,0.0,228.6,1788.1,695
2026-06-08T21:48:05,Bengaluru,22.9,83,14.2,0.0,5.6,6.7,36
2026-06-08T21:48:07,Delhi,36.5,23,5.3,0.0,165.3,843.8,360
2026-06-08T21:48:08,Mumbai,30.9,67,10.9,0.0,17.4,44.8,79
2026-06-08T21:48:10,New York,24.3,39,10.0,0.0,7.9,8.3,32
2026-06-10T00:06:02,Bengaluru,21.9,84,15.4,0.0,4.4,5.8,26
2026-06-10T00:06:03,Delhi,36.1,27,4.6,0.0,183.5,855.0,521
2026-06-10T00:06:04,Mumbai,29.9,75,7.1,0.0,23.1,58.0,78
2026-06-10T00:06:06,New York,26.5,36,14.8,0.0,11.0,11.5,41
2026-06-10T00:06:08,Chennai,32.3,52,9.0,0.0,8.4,9.5,42
2026-06-10T01:50:37,Bengaluru,21.3,87,13.8,0.0,3.1,3.6,22
2026-06-10T01:50:38,Delhi,34.0,28,7.4,0.0,160.7,659.4,523
2026-06-10T01:50:39,Mumbai,30.2,71,10.8,0.0,22.0,54.0,77
2026-06-10T01:50:41,New York,26.4,37,16.5,0.0,13.3,14.5,44
2026-06-10T01:50:41,Chennai,29.6,66,9.5,0.0,7.9,9.7,40
2026-06-10T01:50:42,Gurugram,32.2,28,12.7,0.0,159.3,953.7,1368
2026-06-10T10:16:13,Bengaluru,27.5,55,18.6,0.0,5.0,9.4,18
2026-06-10T10:16:15,Delhi,38.2,38,11.9,0.0,121.1,614.7,340
2026-06-10T10:16:16,Mumbai,31.7,65,12.3,0.1,25.6,61.9,81
2026-06-10T10:16:18,New York,21.3,59,13.7,0.0,13.9,15.9,52
2026-06-10T10:16:19,Chennai,34.0,47,17.0,0.0,8.0,12.8,51
2026-06-10T15:52:26,Bengaluru,30.0,47,17.1,0.5,10.6,15.8,32
2026-06-10T15:52:27,Delhi,41.2,23,14.4,0.0,152.3,1020.7,468
2026-06-10T15:52:28,Mumbai,31.6,71,17.9,0.2,23.6,55.6,80
2026-06-10T15:52:30,New York,20.7,71,9.2,0.0,14.2,16.5,55
2026-06-10T15:52:31,Chennai,34.4,48,3.6,0.1,19.8,32.2,53
2026-06-10T15:52:33,Gurugram,40.9,24,15.1,0.0,190.0,1508.7,1301
2026-06-10T21:36:43,Bengaluru,22.1,93,14.4,0.1,6.9,8.0,30
2026-06-10T21:36:44,Delhi,37.0,33,7.3,0.0,149.0,536.4,573
2026-06-10T21:36:46,Mumbai,30.1,77,15.7,0.0,21.5,47.6,76
2026-06-10T21:36:48,New York,27.3,57,13.8,0.0,19.7,24.2,57
2026-06-10T21:42:26,Bengaluru,22.1,93,14.4,0.1,6.9,8.0,30
2026-06-10T21:42:27,Delhi,37.0,33,7.3,0.0,149.0,536.4,573
2026-06-10T21:42:28,Mumbai,30.1,77,15.7,0.0,21.5,47.6,76
2026-06-10T21:42:29,New York,27.3,57,13.8,0.0,19.7,24.2,57
2026-06-10T21:42:30,Chennai,29.4,68,23.3,0.2,16.1,21.7,53
2026-06-10T21:42:31,Gurugram,35.4,35,11.6,0.0,112.0,352.0,1206
2026-06-10T23:20:14,Bengaluru,21.4,93,13.9,0.1,6.0,6.7,30
2026-06-10T23:20:16,Delhi,35.8,38,3.1,0.0,141.1,464.7,581
2026-06-10T23:20:17,Mumbai,29.9,78,12.3,0.0,21.5,47.6,76
2026-06-10T23:20:20,New York,29.6,56,15.3,0.0,18.6,22.6,57
2026-06-10T23:33:21,Bengaluru,21.3,93,13.7,0.1,5.3,6.2,30
2026-06-10T23:33:23,Delhi,35.7,38,3.4,0.0,128.1,395.8,585
2026-06-10T23:33:24,Mumbai,29.9,78,12.3,0.0,21.3,47.0,75
2026-06-10T23:33:26,New York,29.6,57,15.3,0.0,17.7,21.0,58
2026-06-10T23:50:37,Bengaluru,21.2,94,13.5,0.3,5.3,6.2,30
2026-06-10T23:50:38,Delhi,35.6,39,3.5,0.0,128.1,395.8,585
2026-06-10T23:50:39,Mumbai,29.8,78,12.5,0.1,21.3,47.0,75
2026-06-10T23:50:42,New York,29.5,63,16.6,0.0,17.7,21.0,58
2026-06-10T23:57:48,Bengaluru,21.2,94,13.5,0.3,5.3,6.2,30
2026-06-10T23:57:49,Delhi,35.6,39,3.5,0.0,128.1,395.8,585
2026-06-10T23:57:50,Mumbai,29.8,78,12.5,0.1,21.3,47.0,75
2026-06-10T23:57:52,New York,29.5,63,16.6,0.0,17.7,21.0,58
2026-06-10T23:57:53,Chennai,27.2,84,11.8,0.2,11.3,15.8,52
2026-06-10T23:57:54,Gurugram,34.2,37,8.2,0.0,100.6,278.5,1176
2026-06-11T00:00:37,Bengaluru,21.1,94,13.5,0.3,5.3,6.2,30
2026-06-11T00:00:38,Delhi,35.5,40,3.1,0.0,128.1,395.8,585
2026-06-11T00:00:39,Mumbai,29.8,78,12.9,0.1,21.3,47.0,75
2026-06-11T00:00:41,New York,29.0,64,18.1,0.0,17.7,21.0,58
2026-06-11T00:00:42,Chennai,27.1,85,11.9,0.2,11.3,15.8,52
2026-06-11T00:00:43,Gurugram,33.9,38,6.7,0.0,100.6,278.5,1176
2026-06-11T02:17:53,Bengaluru,20.5,97,13.8,0.2,3.9,4.9,31
2026-06-11T02:17:54,Delhi,34.0,44,2.8,0.0,106.2,295.2,585
2026-06-11T02:17:55,Mumbai,29.5,80,14.0,0.0,20.8,45.8,74
2026-06-11T02:17:58,New York,28.8,71,11.5,0.0,16.5,18.5,59
2026-06-11T02:17:59,Chennai,26.9,89,11.5,0.0,10.6,14.8,52
2026-06-11T05:21:29,Bengaluru,20.2,97,11.3,0.0,6.1,8.2,39
2026-06-11T05:21:30,Delhi,31.3,54,6.9,0.0,137.8,440.5,638
2026-06-11T05:21:31,Mumbai,29.3,80,8.7,0.0,24.6,55.9,74
2026-06-11T05:21:34,New York,27.3,68,11.2,0.0,17.2,18.5,69
2026-06-11T05:21:35,Chennai,27.5,80,12.4,0.0,12.9,21.1,61
2026-06-11T10:31:27,Bengaluru,26.3,64,16.7,0.0,12.0,24.4,41
2026-06-11T10:31:28,Delhi,35.7,41,14.8,0.0,151.8,666.8,637
2026-06-11T10:31:29,Mumbai,31.9,66,14.6,0.0,27.8,64.7,75
2026-06-11T10:31:31,New York,23.1,93,12.0,0.0,17.1,17.2,63
2026-06-11T10:31:32,Chennai,34.0,51,8.3,0.0,15.5,26.3,64
2026-06-11T10:31:33,Gurugram,36.0,41,14.6,0.0,203.0,1087.8,772
2026-06-11T15:15:03,Bengaluru,26.60,71.62,10.30,0.10,14.10,30.30,42.29
2026-06-11T15:15:03,Delhi,39.05,34.55,12.37,0.0,178.30,894.10,581.35
2026-06-11T15:15:03,Mumbai,32.85,61.78,14.81,0.0,27.80,63.60,76.93
2026-06-11T15:15:03,New York,21.73,94.00,7.15,0.0,16.00,16.10,63.75
2026-06-11T15:15:03,Chennai,34.15,58.83,12.03,0.70,21.60,33.20,65.98
2026-06-11T15:15:03,Gurugram,38.65,38.35,16.68,0.0,298.0,2056.40,811.34
2026-06-11T15:32:51,Delhi,39.0,36,12.0,0.0,184.9,961.1,570
2026-06-11T15:33:03,Mumbai,32.7,62,15.0,0.0,27.6,62.9,77
2026-06-11T15:33:13,New York,21.8,95,6.9,0.0,15.2,15.3,63
2026-06-11T15:33:25,Chennai,32.8,66,11.2,0.1,21.4,32.7,66
2026-06-11T15:33:37,Gurugram,38.3,39,16.9,0.0,276.6,1922.2,830
2026-06-11T15:34:04,Bengaluru,26.5,70,8.2,0.3,14.7,31.5,42
2026-06-11T15:34:04,Delhi,39.0,36,12.0,0.0,184.9,961.1,570
2026-06-11T15:34:04,Mumbai,32.7,62,15.0,0.0,27.6,62.9,77
2026-06-11T15:34:04,New York,21.8,95,6.9,0.0,15.2,15.3,63
2026-06-11T15:34:04,Chennai,32.8,66,11.2,0.1,21.4,32.7,66
2026-06-11T15:34:04,Gurugram,38.3,39,16.9,0.0,276.6,1922.2,830
2026-06-11T16:30:31,Bengaluru,23.1,88,0.4,0.9,15.8,32.0,43
2026-06-11T16:30:31,Delhi,41.0,28,10.1,0.0,184.4,968.6,567
2026-06-11T16:30:31,Mumbai,32.3,60,15.1,0.0,27.2,62.2,77
2026-06-11T16:30:31,New York,23.6,91,8.0,0.0,12.0,12.0,64
2026-06-11T16:30:32,Chennai,33.9,54,11.5,0.0,21.0,31.5,66
2026-06-11T16:30:32,Gurugram,39.7,36,17.7,0.0,218.4,1478.9,847
2026-06-11T22:01:50,Bengaluru,21.4,97,10.3,0.0,9.1,10.6,45
2026-06-11T22:01:51,Delhi,28.5,71,11.3,0.2,140.6,622.1,671
2026-06-11T22:01:51,Mumbai,30.9,67,12.4,0.0,25.4,60.3,75
2026-06-11T22:01:51,New York,34.2,45,14.4,0.0,15.7,16.5,63
2026-06-11T22:01:51,Chennai,27.0,90,13.6,0.4,16.8,23.2,65
2026-06-11T22:01:52,Gurugram,27.3,78,17.1,0.7,176.0,761.8,1286
2026-06-12T02:09:00,Bengaluru,21.3,98,13.4,0.0,6.4,9.1,44
2026-06-12T02:09:00,Delhi,26.8,80,9.1,0.0,79.4,288.7,646
2026-06-12T02:09:00,Mumbai,30.2,70,13.4,0.0,25.3,64.5,76
2026-06-12T02:09:01,New York,36.5,38,19.5,0.0,14.1,15.1,79
2026-06-12T02:09:01,Chennai,27.0,89,10.1,0.0,17.5,25.7,62
2026-06-12T02:09:01,Gurugram,26.5,81,18.2,0.0,162.1,830.7,1368
2026-06-12T05:26:34,Bengaluru,20.5,97,10.5,0.0,11.5,19.8,53
2026-06-12T05:26:34,Delhi,25.5,70,17.4,0.0,51.7,181.6,712
2026-06-12T05:26:34,Mumbai,30.3,72,14.9,0.0,26.5,65.4,81
2026-06-12T05:26:35,New York,32.0,49,12.2,0.0,6.2,6.5,108
2026-06-12T05:26:35,Chennai,28.4,79,12.3,0.0,16.4,21.0,64
2026-06-12T05:26:35,Gurugram,25.4,78,24.3,0.0,86.1,360.4,1551
2026-06-12T10:39:08,Bengaluru,26.9,60,14.9,0.0,10.0,18.3,55
2026-06-12T10:39:08,Delhi,27.5,76,16.1,0.3,28.8,68.2,623
2026-06-12T10:39:09,Mumbai,32.1,66,17.8,0.1,27.7,64.7,82
2026-06-12T10:39:09,New York,26.3,65,8.7,0.0,13.8,14.1,44
2026-06-12T10:39:10,Chennai,31.6,61,12.9,0.0,23.3,33.6,69
2026-06-12T10:39:10,Gurugram,28.5,71,22.5,0.0,50.4,166.7,1639
2026-06-12T16:12:03,Bengaluru,22.5,89,13.8,0.3,12.2,21.9,52
2026-06-12T16:12:03,Delhi,32.8,52,10.0,0.0,85.7,480.6,446
2026-06-12T16:12:03,Mumbai,32.5,59,17.8,0.1,29.6,62.9,83
2026-06-12T16:12:03,New York,23.4,82,10.3,0.0,10.5,10.7,41
2026-06-12T16:12:03,Chennai,34.8,46,8.6,0.0,22.7,34.8,67
2026-06-12T16:12:04,Gurugram,34.8,44,10.9,0.0,295.2,2346.9,1279
2026-06-12T21:13:38,Bengaluru,21.9,90,7.5,0.0,11.1,13.3,45
2026-06-12T21:13:38,Delhi,27.0,79,9.4,0.3,84.3,284.1,200
2026-06-12T21:13:39,Mumbai,31.0,67,14.7,0.0,22.3,45.9,82
2026-06-12T21:13:39,New York,30.4,55,6.6,0.0,8.2,8.9,39
2026-06-12T21:13:39,Chennai,29.1,77,12.2,0.1,18.5,24.0,95
2026-06-12T21:13:39,Gurugram,24.1,96,3.3,0.9,134.6,638.9,1286
2026-06-12T23:50:58,Bengaluru,21.5,93,11.8,0.0,8.5,9.6,43
2026-06-12T23:50:58,Delhi,26.5,82,8.1,0.0,65.0,208.6,196
2026-06-12T23:50:59,Mumbai,30.8,69,15.3,0.0,22.7,48.3,80
2026-06-12T23:50:59,New York,34.1,47,19.2,0.0,8.2,9.7,45
2026-06-12T23:50:59,Chennai,27.6,78,12.5,0.0,19.1,24.6,65
2026-06-12T23:51:00,Gurugram,25.6,86,10.8,0.0,158.3,949.9,1254
2026-06-13T03:32:17,Bengaluru,21.5,90,11.5,0.0,5.5,7.1,40
2026-06-13T03:32:18,Delhi,26.1,85,8.2,0.0,60.1,160.2,165
2026-06-13T03:32:18,Mumbai,30.1,73,14.6,0.0,21.8,47.1,78
2026-06-13T03:32:18,New York,31.3,56,23.3,0.0,10.4,11.2,83
2026-06-13T03:32:19,Chennai,28.1,75,13.1,0.0,11.9,14.5,66
2026-06-13T03:32:19,Gurugram,26.8,76,11.7,0.0,117.1,586.7,1107
2026-06-13T05:25:19,Bengaluru,21.4,91,9.8,0.0,7.9,11.5,42
2026-06-13T05:25:19,Delhi,25.9,87,8.7,0.0,76.8,245.9,238
2026-06-13T05:25:19,Mumbai,30.3,72,12.8,0.0,19.3,42.7,83
2026-06-13T05:25:19,New York,29.7,58,17.4,0.0,12.4,12.8,86
2026-06-13T05:25:19,Chennai,27.8,75,14.6,0.0,13.3,17.7,64
2026-06-13T05:25:20,Gurugram,26.2,82,12.8,0.0,147.6,663.1,1444
2026-06-13T10:25:00,Bengaluru,23.0,80,11.4,0.0,6.7,10.9,40
2026-06-13T10:25:00,Delhi,31.0,63,6.0,0.0,84.8,364.1,234
2026-06-13T10:25:00,Mumbai,31.1,70,14.8,0.0,24.2,49.9,81
2026-06-13T10:25:00,New York,23.4,78,9.8,0.0,7.5,7.8,39
2026-06-13T10:25:00,Chennai,29.5,72,11.0,0.0,14.0,18.7,62
2026-06-13T10:25:01,Gurugram,32.2,54,8.9,0.0,180.2,1240.5,1423
2026-06-13T15:09:03,Bengaluru,28.6,56,11.1,0.0,11.1,20.5,40
2026-06-13T15:09:04,Delhi,32.9,47,1.4,0.0,77.5,217.5,263
2026-06-13T15:09:04,Mumbai,32.7,59,17.4,0.0,27.0,59.8,79
2026-06-13T15:09:04,New York,20.1,73,8.7,0.0,6.6,7.1,35
2026-06-13T15:09:04,Chennai,34.6,50,5.3,0.1,17.9,25.1,59
2026-06-13T15:09:05,Gurugram,34.0,42,2.4,0.0,89.6,306.4,1303
2026-06-13T17:34:33,Bengaluru,26.8,58,14.7,0.0,14.1,20.1,43
2026-06-13T17:34:33,Delhi,32.8,50,3.1,0.0,90.8,312.0,305
2026-06-13T17:34:33,Mumbai,31.6,64,16.8,0.1,20.6,41.2,75
2026-06-13T17:34:33,New York,23.0,62,13.4,0.0,4.1,4.5,37
2026-06-13T17:34:34,Chennai,31.6,67,12.4,0.1,19.3,27.5,74
2026-06-13T17:34:34,Gurugram,33.2,43,5.1,0.0,122.9,516.0,1184
2026-06-13T20:00:25,Bengaluru,23.9,89,7.1,0.0,14.5,17.6,44
2026-06-13T20:00:25,Delhi,29.4,70,4.9,0.0,97.1,225.4,256
2026-06-13T20:00:26,Mumbai,31.4,63,14.8,0.0,21.1,44.2,73
2026-06-13T20:00:26,New York,27.1,44,8.0,0.0,4.1,4.6,38
2026-06-13T20:00:26,Chennai,30.6,70,9.7,0.0,22.2,29.1,95
2026-06-13T20:00:26,Gurugram,29.5,65,3.8,0.0,132.7,378.1,1087
2026-06-13T23:18:22,Bengaluru,22.8,88,12.1,0.0,13.7,17.2,45
2026-06-13T23:18:22,Delhi,27.7,82,1.2,0.0,124.8,230.5,216
2026-06-13T23:18:22,Mumbai,30.5,71,15.1,0.0,21.5,47.5,70
2026-06-13T23:18:23,New York,29.9,39,11.9,0.0,4.3,4.5,44
2026-06-13T23:18:23,Chennai,29.3,73,9.5,0.0,22.5,30.2,84
2026-06-13T23:18:23,Gurugram,27.2,80,6.1,0.0,173.2,434.9,922
2026-06-14T01:26:20,Bengaluru,22.0,90,12.0,0.0,10.2,13.0,46
2026-06-14T01:26:21,Delhi,26.9,83,1.7,0.0,144.8,258.0,195
2026-06-14T01:26:21,Mumbai,30.2,73,14.4,0.0,21.7,50.2,69
2026-06-14T01:26:21,New York,31.4,29,16.9,0.0,3.4,3.5,49
2026-06-14T01:26:22,Chennai,28.5,73,11.1,0.0,17.3,22.4,59
2026-06-14T01:26:22,Gurugram,26.4,72,5.3,0.0,188.6,468.5,746
2026-06-14T03:10:29,Bengaluru,20.5,97,11.9,0.0,8.8,11.7,46
2026-06-14T03:10:29,Delhi,26.5,80,3.6,0.0,155.5,294.3,187
2026-06-14T03:10:30,Mumbai,29.5,77,13.2,0.0,20.7,48.9,68
2026-06-14T03:10:30,New York,30.8,29,14.4,0.0,2.8,2.8,64
2026-06-14T03:10:30,Chennai,28.4,72,13.0,0.0,16.8,20.8,59
2026-06-14T03:10:30,Gurugram,26.4,72,4.9,0.0,185.3,484.3,655
2026-06-14T05:05:10,Bengaluru,20.5,97,10.6,0.0,8.8,12.5,47
2026-06-14T05:05:11,Delhi,26.2,79,3.2,0.0,146.7,333.4,233
2026-06-14T05:05:11,Mumbai,29.1,79,12.1,0.0,20.8,50.5,68
2026-06-14T05:05:11,New York,29.5,29,10.8,0.0,3.9,4.1,72
2026-06-14T05:05:11,Chennai,28.0,71,13.4,0.0,16.2,18.8,57
2026-06-14T05:05:12,Gurugram,26.0,74,3.5,0.0,186.3,523.4,652
2026-06-14T10:41:35,Bengaluru,26.1,71,13.8,0.0,7.9,15.9,47
2026-06-14T10:41:35,Delhi,32.9,53,2.7,0.0,115.9,459.1,239
2026-06-14T10:41:35,Mumbai,32.2,62,15.9,0.1,22.5,52.2,69
2026-06-14T10:41:36,New York,22.6,55,7.1,0.0,23.1,23.3,35
2026-06-14T10:41:36,Chennai,31.7,60,11.3,0.0,19.3,27.4,60
2026-06-14T10:41:36,Gurugram,34.5,42,6.9,0.0,131.8,536.4,493
2026-06-14T15:28:13,Bengaluru,30.0,48,12.5,0.0,15.7,40.4,47
2026-06-14T15:28:13,Delhi,36.0,40,9.1,0.0,87.3,334.3,205
2026-06-14T15:28:14,Mumbai,32.5,62,19.7,0.0,22.0,47.1,69
2026-06-14T15:28:14,New York,20.6,68,1.8,0.0,20.7,20.9,36
2026-06-14T15:28:14,Chennai,33.8,52,2.2,0.0,23.5,38.2,62
2026-06-14T15:28:14,Gurugram,36.5,37,11.8,0.0,112.2,618.4,407
2026-06-14T17:47:46,Bengaluru,24.5,77,10.1,0.0,11.5,20.4,49
2026-06-14T17:47:47,Delhi,33.3,45,5.4,0.0,89.2,402.3,237
2026-06-14T17:47:47,Mumbai,31.1,68,17.1,0.0,14.8,28.0,67
2026-06-14T17:47:47,New York,24.8,54,7.5,0.0,12.0,12.3,36
2026-06-14T17:47:48,Chennai,31.5,66,9.5,0.0,24.3,40.5,94
2026-06-14T17:47:48,Gurugram,34.1,41,10.2,0.0,85.4,383.7,442
2026-06-14T21:29:31,Bengaluru,23.6,75,7.9,0.0,11.4,16.3,47
2026-06-14T21:29:31,Delhi,31.2,59,1.9,0.0,120.1,391.2,243
2026-06-14T21:29:32,Mumbai,30.1,72,14.1,0.1,17.0,34.0,66
2026-06-14T21:29:32,New York,30.6,41,11.9,0.0,9.3,9.4,40
2026-06-14T21:29:32,Chennai,30.2,69,10.5,0.0,22.5,34.9,106
2026-06-14T21:29:32,Gurugram,30.3,60,4.1,0.0,108.5,316.6,421
2026-06-14T23:22:19,Bengaluru,22.1,86,8.2,0.0,10.0,12.9,46
2026-06-14T23:22:19,Delhi,29.8,66,2.2,0.0,137.4,438.7,250
2026-06-14T23:22:19,Mumbai,29.9,74,13.6,0.0,16.1,32.8,66
2026-06-14T23:22:19,New York,31.5,39,17.1,0.0,9.3,9.5,42
2026-06-14T23:22:20,Chennai,29.3,69,11.0,0.0,21.8,33.6,89
2026-06-14T23:22:20,Gurugram,29.0,66,1.8,0.0,105.0,270.1,420
2026-06-15T01:31:02,Bengaluru,21.3,90,9.6,0.0,7.4,9.3,44
2026-06-15T01:31:02,Delhi,28.5,70,4.9,0.0,125.3,393.9,263
2026-06-15T01:31:03,Mumbai,29.5,74,13.3,0.0,14.4,32.4,64
2026-06-15T01:31:03,New York,32.4,37,22.1,0.0,13.3,14.6,95
2026-06-15T01:31:03,Chennai,28.1,75,11.5,0.0,21.0,33.4,65
2026-06-15T01:31:04,Gurugram,27.8,61,5.3,0.0,94.1,301.7,391
2026-06-15T03:13:58,Bengaluru,20.6,93,9.2,0.0,7.1,9.4,44
2026-06-15T03:13:58,Delhi,28.4,62,5.9,0.0,120.6,374.4,263
2026-06-15T03:13:58,Mumbai,29.5,73,12.5,0.0,13.8,32.6,63
2026-06-15T03:13:58,New York,29.7,42,22.4,0.0,13.2,14.6,114
2026-06-15T03:13:59,Chennai,28.6,68,10.4,0.0,20.5,32.0,66
2026-06-15T03:13:59,Gurugram,28.0,55,8.9,0.0,136.9,672.4,379
2026-06-15T05:09:19,Bengaluru,20.3,95,9.9,0.0,9.0,13.4,54
2026-06-15T05:09:19,Delhi,27.9,58,5.6,0.0,136.0,317.6,254
2026-06-15T05:09:19,Mumbai,29.3,72,9.6,0.0,13.3,31.2,61
2026-06-15T05:09:20,New York,27.1,57,22.0,0.0,15.9,17.3,119
2026-06-15T05:09:20,Chennai,28.0,71,12.2,0.0,20.1,29.9,64
2026-06-15T05:09:20,Gurugram,27.9,56,9.5,0.0,124.3,405.1,412
2026-06-15T11:01:26,Bengaluru,28.0,55,14.8,0.0,14.5,30.9,55
2026-06-15T11:01:26,Delhi,35.8,36,6.5,0.0,115.9,370.7,227
2026-06-15T11:01:26,Mumbai,31.2,66,14.1,0.1,15.5,32.7,58
2026-06-15T11:01:26,New York,21.6,91,10.2,0.0,11.3,11.8,52
2026-06-15T11:01:26,Chennai,35.3,46,9.9,0.0,24.3,34.6,67
2026-06-15T11:01:26,Gurugram,35.8,38,9.8,0.0,142.5,726.4,418
2026-06-15T18:15:49,Bengaluru,28.0,43,11.2,0.0,21.3,44.2,57
2026-06-15T18:15:50,Delhi,33.7,42,6.6,0.0,86.6,383.7,191
2026-06-15T18:15:50,Mumbai,30.9,66,16.2,0.0,16.2,32.2,56
2026-06-15T18:15:50,New York,20.2,75,18.9,0.0,4.2,4.4,45
2026-06-15T18:15:50,Chennai,32.2,64,11.4,0.0,32.0,49.8,111
2026-06-15T18:15:51,Gurugram,33.0,44,7.1,0.0,109.9,564.4,545
2026-06-16T00:18:15,Bengaluru,22.3,79,7.5,0.0,16.1,20.2,60
2026-06-16T00:18:15,Delhi,28.1,70,4.6,0.0,126.2,386.5,191
2026-06-16T00:18:16,Mumbai,29.9,72,9.4,0.0,17.1,37.0,57
2026-06-16T00:18:16,New York,24.8,39,21.1,0.0,4.1,4.3,38
2026-06-16T00:18:16,Chennai,29.5,80,12.0,0.0,26.3,39.6,98
2026-06-16T00:18:16,Gurugram,27.6,66,7.4,0.0,136.0,382.8,547
2026-06-16T04:01:04,Bengaluru,20.9,92,9.0,0.0,14.8,20.1,68
2026-06-16T04:01:05,Delhi,25.5,70,3.7,0.0,199.8,843.8,402
2026-06-16T04:01:05,Mumbai,29.5,72,8.6,0.0,17.4,39.5,58
2026-06-16T04:01:05,New York,23.2,41,23.0,0.0,4.8,5.0,39
2026-06-16T04:01:05,Chennai,28.8,74,11.1,0.0,26.0,38.5,88
2026-06-16T04:01:06,Gurugram,24.7,75,5.1,0.0,175.6,678.0,726
2026-06-16T11:07:54,Bengaluru,28.2,55,11.3,0.0,16.7,36.2,70
2026-06-16T11:07:54,Delhi,34.3,37,4.2,0.0,99.7,410.7,521
2026-06-16T11:07:54,Mumbai,32.7,59,13.1,0.0,19.8,44.5,60
2026-06-16T11:07:55,New York,15.3,59,7.1,0.0,5.0,5.0,29
2026-06-16T11:07:55,Chennai,35.8,43,6.6,0.1,33.1,45.8,90
2026-06-16T11:07:55,Gurugram,34.8,37,8.6,0.0,122.5,692.9,669
2026-06-16T17:08:00,Bengaluru,30.4,43,9.3,0.0,20.2,40.6,71
2026-06-16T17:08:00,Delhi,36.7,31,5.9,0.0,78.9,358.6,529
2026-06-16T17:08:00,Mumbai,32.3,60,15.4,0.0,15.3,32.2,59
2026-06-16T17:08:00,New York,15.7,62,12.2,0.0,8.3,8.4,32
2026-06-16T17:08:00,Chennai,34.0,55,11.2,0.0,31.4,46.3,105
2026-06-16T17:08:01,Gurugram,36.2,33,2.3,0.0,84.3,480.6,727
2026-06-16T22:54:41,Bengaluru,24.1,71,8.9,0.0,64.7,83.1,74
2026-06-16T22:54:41,Delhi,27.8,66,3.8,0.0,109.9,306.4,435
2026-06-16T22:54:42,Mumbai,30.3,69,11.2,0.0,16.1,37.0,59
2026-06-16T22:54:42,New York,24.1,34,10.8,0.0,13.3,13.4,36
2026-06-16T22:54:42,Chennai,30.8,74,10.2,0.0,27.8,39.5,132
2026-06-16T22:54:43,Gurugram,27.4,71,4.0,0.0,97.3,272.9,574
2026-06-17T02:52:18,Bengaluru,21.8,85,5.8,0.0,20.1,25.6,79
2026-06-17T02:52:18,Delhi,27.0,73,3.4,0.0,136.9,379.0,341
2026-06-17T02:52:19,Mumbai,29.0,76,8.8,0.0,15.4,37.1,59
2026-06-17T02:52:19,New York,23.5,37,17.5,0.0,14.0,14.1,48
2026-06-17T02:52:19,Chennai,29.5,83,12.9,0.0,24.7,36.6,88
2026-06-17T02:52:19,Gurugram,26.5,71,5.0,0.0,154.6,758.1,559
2026-06-17T05:20:20,Bengaluru,21.1,86,6.7,0.0,21.2,29.3,82
2026-06-17T05:20:21,Delhi,26.1,78,5.1,0.0,120.1,380.9,230
2026-06-17T05:20:21,Mumbai,28.1,80,3.5,0.1,16.1,40.5,57
2026-06-17T05:20:21,New York,20.2,63,17.7,0.0,8.1,8.9,69
2026-06-17T05:20:21,Chennai,29.4,71,12.0,0.0,31.7,46.0,95
2026-06-17T05:20:21,Gurugram,25.3,79,6.1,0.0,94.5,261.7,470
2026-06-17T10:49:45,Bengaluru,27.8,61,11.2,0.0,16.2,26.7,86
2026-06-17T10:49:46,Delhi,32.8,47,1.8,0.0,127.6,670.6,216
2026-06-17T10:49:46,Mumbai,31.9,60,13.6,0.1,19.0,45.8,58
2026-06-17T10:49:46,New York,17.2,81,7.6,0.0,17.3,19.7,41
2026-06-17T10:49:46,Chennai,36.3,42,6.5,0.0,37.6,55.6,97
2026-06-17T10:49:46,Gurugram,32.8,46,1.3,0.0,93.8,512.2,372
2026-06-17T16:49:17,Bengaluru,30.5,42,7.8,0.0,27.9,56.8,84
2026-06-17T16:49:17,Delhi,36.7,35,7.8,0.0,103.8,560.7,285
2026-06-17T16:49:17,Mumbai,31.8,61,17.9,0.0,12.0,22.5,57
2026-06-17T16:49:17,New York,19.2,82,2.5,0.0,22.2,25.6,42
2026-06-17T16:49:18,Chennai,34.0,61,13.3,0.0,27.8,43.5,92
2026-06-17T16:49:18,Gurugram,35.8,37,7.5,0.0,101.7,659.4,359
2026-06-17T21:37:55,Bengaluru,24.5,70,7.7,0.1,17.6,24.0,83
2026-06-17T21:37:55,Delhi,33.4,49,0.9,0.0,134.6,468.5,351
2026-06-17T21:37:55,Mumbai,30.4,65,11.1,0.0,13.1,26.3,55
2026-06-17T21:37:56,New York,25.2,47,14.9,0.0,14.6,17.3,53
2026-06-17T21:37:56,Chennai,30.8,73,14.1,0.0,25.6,35.6,100
2026-06-17T21:37:56,Gurugram,31.2,51,3.7,0.0,114.3,421.9,410
2026-06-18T00:07:05,Bengaluru,22.3,90,8.5,0.0,12.7,15.9,75
2026-06-18T00:07:05,Delhi,32.2,51,1.0,0.0,157.4,514.1,378
2026-06-18T00:07:06,Mumbai,30.2,65,8.0,0.0,13.2,27.6,55
2026-06-18T00:07:06,New York,24.8,54,20.4,0.0,16.8,20.0,55
2026-06-18T00:07:06,Chennai,29.6,73,13.1,0.0,23.2,31.4,85
2026-06-18T00:07:06,Gurugram,30.2,57,0.2,0.0,133.2,411.6,420
2026-06-18T03:46:19,Bengaluru,21.2,94,10.2,0.0,11.9,15.6,66
2026-06-18T03:46:19,Delhi,30.5,60,1.7,0.0,161.1,508.5,399
2026-06-18T03:46:19,Mumbai,29.5,67,7.8,0.1,15.4,33.8,56
2026-06-18T03:46:20,New York,21.6,74,20.4,0.0,13.2,16.1,79
2026-06-18T03:46:20,Chennai,29.0,72,10.4,0.0,24.4,32.5,84
2026-06-18T03:46:20,Gurugram,28.3,65,5.3,0.0,122.0,345.5,403
2026-06-18T05:23:51,Bengaluru,20.9,95,8.9,0.0,11.6,15.3,65
2026-06-18T05:23:52,Delhi,30.0,63,1.7,0.0,164.4,512.2,407
2026-06-18T05:23:52,Mumbai,28.7,71,5.9,0.1,15.5,34.0,56
2026-06-18T05:23:52,New York,20.4,81,18.1,0.0,13.1,15.9,80
2026-06-18T05:23:52,Chennai,28.6,76,10.1,0.0,23.6,31.1,84
2026-06-18T05:23:53,Gurugram,27.7,70,1.8,0.0,118.0,317.6,406
2026-06-18T10:37:54,Bengaluru,27.1,57,11.8,0.0,13.8,21.9,62
2026-06-18T10:37:54,Delhi,36.8,31,7.6,0.0,84.3,313.9,389
2026-06-18T10:37:55,Mumbai,32.0,58,14.2,0.1,20.3,40.4,57
2026-06-18T10:37:55,New York,20.4,92,12.2,0.0,10.8,13.0,58
2026-06-18T10:37:55,Chennai,34.7,47,12.0,0.0,26.1,32.9,82
2026-06-18T10:37:56,Gurugram,36.0,33,7.7,0.0,90.3,551.3,331
2026-06-18T16:20:08,Bengaluru,27.8,55,10.6,0.1,15.2,24.2,60
2026-06-18T16:20:08,Delhi,38.7,29,11.2,0.0,61.9,249.6,207
2026-06-18T16:20:09,Mumbai,32.2,58,16.0,0.0,20.3,41.6,59
2026-06-18T16:20:09,New York,21.1,89,11.8,0.0,8.0,9.6,51
2026-06-18T16:20:10,Chennai,32.8,66,11.5,0.0,27.4,34.3,80
2026-06-18T16:20:10,Gurugram,38.0,31,11.2,0.0,65.0,290.6,254
2026-06-18T21:25:30,Bengaluru,21.6,93,8.4,0.0,16.1,20.3,56
2026-06-18T21:25:30,Delhi,34.3,39,6.1,0.0,91.3,370.7,182
2026-06-18T21:25:30,Mumbai,30.3,65,10.8,0.0,17.2,33.6,62
2026-06-18T21:25:31,New York,29.9,48,36.0,0.0,12.3,13.1,44
2026-06-18T21:25:31,Chennai,29.1,78,9.2,0.0,26.5,35.3,142
2026-06-18T21:25:31,Gurugram,32.0,48,8.8,0.0,94.3,421.9,201
2026-06-19T00:07:38,Bengaluru,21.4,96,7.0,0.0,13.6,17.9,53
2026-06-19T00:07:38,Delhi,33.0,43,6.9,0.0,116.9,489.9,184
2026-06-19T00:07:38,Mumbai,29.9,66,10.0,0.0,16.5,32.0,62
2026-06-19T00:07:38,New York,32.0,44,36.0,0.0,13.4,13.8,44
2026-06-19T00:07:39,Chennai,27.9,80,8.7,0.0,18.5,23.9,120
2026-06-19T00:07:39,Gurugram,30.3,54,11.3,0.0,109.0,434.9,216
2026-06-19T03:56:41,Bengaluru,20.9,94,9.4,0.0,10.4,14.8,52
2026-06-19T03:56:41,Delhi,32.0,45,4.3,0.0,129.5,472.2,185
2026-06-19T03:56:41,Mumbai,29.6,65,9.4,0.0,13.9,26.2,62
2026-06-19T03:56:41,New York,31.5,36,36.1,0.0,6.1,6.4,83
2026-06-19T03:56:42,Chennai,26.8,85,10.6,0.0,14.1,17.8,75
2026-06-19T03:56:42,Gurugram,29.1,56,7.4,0.0,122.0,455.4,238
2026-06-19T10:58:37,Bengaluru,27.4,56,7.8,0.0,10.0,13.9,57
2026-06-19T10:58:37,Delhi,35.8,36,9.4,0.0,82.0,258.0,168
2026-06-19T10:58:37,Mumbai,32.4,52,13.4,0.0,16.2,26.7,59
2026-06-19T10:58:37,New York,24.3,49,15.4,0.0,4.4,4.5,48
2026-06-19T10:58:38,Chennai,31.7,66,4.2,0.0,25.8,33.5,81
2026-06-19T10:58:38,Gurugram,34.5,41,11.2,0.0,131.3,758.1,279
2026-06-19T16:28:56,Bengaluru,26.9,60,9.3,0.1,14.9,18.6,56
2026-06-19T16:28:56,Delhi,38.3,32,11.6,0.0,102.0,443.3,330
2026-06-19T16:28:56,Mumbai,32.3,56,15.8,0.0,16.1,26.7,58
2026-06-19T16:28:56,New York,22.2,47,18.1,0.0,6.6,6.8,39
2026-06-19T16:28:57,Chennai,30.3,76,0.2,0.2,29.0,38.0,86
2026-06-19T16:28:57,Gurugram,37.2,35,12.6,0.0,100.8,474.0,469
2026-06-19T21:14:54,Bengaluru,22.5,89,6.4,0.0,28.8,31.7,56
2026-06-19T21:14:54,Delhi,35.0,40,7.0,0.0,106.6,465.7,363
2026-06-19T21:14:54,Mumbai,30.5,62,8.7,0.0,13.5,26.0,56
2026-06-19T21:14:54,New York,25.8,40,19.5,0.0,10.8,11.3,37
2026-06-19T21:14:55,Chennai,29.9,85,6.7,0.0,26.5,34.2,131
2026-06-19T21:14:55,Gurugram,32.3,53,5.5,0.0,112.0,474.0,496
2026-06-19T23:40:56,Bengaluru,21.8,91,7.3,0.0,26.4,29.3,57
2026-06-19T23:40:56,Delhi,33.5,43,4.8,0.0,142.0,590.5,380
2026-06-19T23:40:56,Mumbai,30.1,64,7.7,0.0,13.4,26.1,56
2026-06-19T23:40:56,New York,27.9,36,20.2,0.0,9.8,10.4,40
2026-06-19T23:40:57,Chennai,29.1,81,9.3,0.0,23.5,29.6,115
2026-06-19T23:40:57,Gurugram,30.8,58,6.6,0.0,105.5,337.1,503
2026-06-20T01:36:07,Bengaluru,21.0,94,6.6,0.0,22.7,26.4,58
2026-06-20T01:36:08,Delhi,32.5,47,3.3,0.0,158.8,657.5,405
2026-06-20T01:36:08,Mumbai,29.8,64,7.4,0.0,13.1,25.6,56
2026-06-20T01:36:08,New York,29.1,28,22.5,0.0,7.0,7.7,42
2026-06-20T01:36:08,Chennai,26.5,82,11.7,0.0,22.3,26.8,97
2026-06-20T01:36:09,Gurugram,30.0,57,5.7,0.0,129.9,599.8,503
2026-06-20T03:07:39,Bengaluru,20.8,95,7.0,0.0,19.7,23.8,59
2026-06-20T03:07:39,Delhi,31.6,50,2.8,0.0,159.3,642.6,418
2026-06-20T03:07:39,Mumbai,29.6,65,6.5,0.0,13.0,25.3,56
2026-06-20T03:07:39,New York,27.2,30,21.4,0.0,5.5,6.1,44
2026-06-20T03:07:40,Chennai,26.5,84,9.7,0.0,22.1,26.1,86
2026-06-20T03:07:40,Gurugram,29.2,60,5.2,0.0,150.4,754.4,513
2026-06-20T04:47:46,Bengaluru,20.5,96,6.4,0.0,14.9,20.3,56
2026-06-20T04:47:46,Delhi,30.9,53,3.1,0.0,145.3,575.6,599
2026-06-20T04:47:46,Mumbai,29.5,66,6.2,0.0,11.6,21.4,54
2026-06-20T04:47:47,New York,26.6,30,17.2,0.0,3.7,4.0,47
2026-06-20T04:47:47,Chennai,26.5,83,8.9,0.0,27.6,32.2,89
2026-06-20T04:47:47,Gurugram,28.3,64,5.4,0.0,136.0,638.9,767
2026-06-20T10:13:12,Bengaluru,27.1,62,7.8,0.0,17.2,26.4,59
2026-06-20T10:13:12,Delhi,36.5,34,12.3,0.0,78.0,267.3,557
2026-06-20T10:13:12,Mumbai,32.5,53,8.7,0.0,13.2,22.6,53
2026-06-20T10:13:13,New York,20.3,47,12.3,0.0,10.8,11.6,40
2026-06-20T10:13:13,Chennai,32.2,62,8.1,0.0,26.7,31.2,87
2026-06-20T10:13:13,Gurugram,35.5,36,13.5,0.0,127.1,746.9,714
2026-06-20T15:15:12,Bengaluru,29.1,49,9.0,0.0,14.4,23.3,61
2026-06-20T15:15:12,Delhi,39.0,31,12.6,0.0,113.4,750.6,523
2026-06-20T15:15:12,Mumbai,32.7,55,14.9,0.0,14.4,23.9,52
2026-06-20T15:15:13,New York,18.4,54,20.6,0.0,6.8,7.0,33
2026-06-20T15:15:13,Chennai,33.3,65,11.0,0.0,26.1,33.1,85
2026-06-20T15:15:13,Gurugram,38.3,32,14.0,0.0,178.8,1404.4,733
2026-06-20T17:42:05,Bengaluru,25.3,71,9.1,0.1,23.5,32.5,60
2026-06-20T17:42:05,Delhi,38.2,31,14.1,0.0,100.4,579.3,548
2026-06-20T17:42:06,Mumbai,31.5,61,13.9,0.0,12.3,21.3,51
2026-06-20T17:42:06,New York,21.7,43,25.7,0.0,2.6,2.7,31
2026-06-20T17:42:06,Chennai,32.6,60,7.5,0.0,30.4,37.1,138
2026-06-20T17:42:06,Gurugram,37.4,33,15.0,0.0,192.8,1460.3,828
2026-06-20T20:04:16,Bengaluru,24.0,87,2.5,0.0,49.5,58.3,62
2026-06-20T20:04:16,Delhi,35.6,38,7.4,0.0,140.2,776.7,540
2026-06-20T20:04:16,Mumbai,30.6,63,9.1,0.0,11.1,19.6,51
2026-06-20T20:04:17,New York,24.7,31,27.9,0.0,3.7,3.9,30
2026-06-20T20:04:17,Chennai,30.4,77,6.7,0.0,32.8,39.7,153
2026-06-20T20:04:17,Gurugram,34.2,40,11.5,0.0,204.9,1285.2,849
2026-06-20T23:20:16,Bengaluru,23.2,86,7.0,0.0,68.7,79.6,71
2026-06-20T23:20:16,Delhi,32.8,49,4.2,0.0,188.1,925.7,522
2026-06-20T23:20:17,Mumbai,30.1,65,7.8,0.0,10.5,18.3,51
2026-06-20T23:20:17,New York,27.9,30,26.8,0.0,4.1,4.2,34
2026-06-20T23:20:17,Chennai,29.0,79,8.9,0.0,24.4,29.5,123
2026-06-20T23:20:17,Gurugram,31.0,47,10.7,0.0,172.3,838.2,829
2026-06-21T01:28:37,Bengaluru,22.3,83,8.6,0.0,32.5,42.3,78
2026-06-21T01:28:37,Delhi,32.5,39,7.9,0.0,188.1,838.2,516
2026-06-21T01:28:38,Mumbai,30.5,62,6.9,0.0,9.5,16.2,51
2026-06-21T01:28:38,New York,28.6,24,24.0,0.0,4.2,4.4,37
2026-06-21T01:28:38,Chennai,28.9,80,11.3,0.0,21.4,25.8,94
2026-06-21T01:28:39,Gurugram,30.1,46,12.0,0.0,192.8,1009.6,827
2026-06-21T03:12:05,Bengaluru,21.2,90,8.9,0.0,18.2,24.7,80
2026-06-21T03:12:05,Delhi,31.5,43,6.5,0.0,174.2,687.3,511
2026-06-21T03:12:06,Mumbai,30.1,64,5.9,0.0,8.4,14.2,50
2026-06-21T03:12:06,New York,28.3,26,22.6,0.0,4.0,4.2,40
2026-06-21T03:12:06,Chennai,28.2,81,12.4,0.0,22.9,26.6,80
2026-06-21T03:12:07,Gurugram,29.5,48,10.8,0.0,231.4,1329.9,855
2026-06-21T05:08:10,Bengaluru,20.7,95,10.4,0.0,10.8,14.6,70
2026-06-21T05:08:10,Delhi,30.7,45,6.0,0.0,149.9,556.9,395
2026-06-21T05:08:11,Mumbai,29.8,65,5.2,0.0,10.0,18.0,50
2026-06-21T05:08:11,New York,26.4,34,22.2,0.0,2.2,2.3,42
2026-06-21T05:08:11,Chennai,27.6,85,11.7,0.0,25.9,28.6,87
2026-06-21T05:08:11,Gurugram,28.8,50,10.5,0.0,254.3,1441.7,843
2026-06-21T10:51:21,Bengaluru,26.8,67,8.6,0.0,8.8,12.3,68
2026-06-21T10:51:21,Delhi,37.7,31,10.8,0.0,92.0,418.2,388
2026-06-21T10:51:21,Mumbai,32.8,47,6.7,0.0,14.7,22.3,49
2026-06-21T10:51:22,New York,20.5,57,5.4,0.0,10.5,10.6,31
2026-06-21T10:51:22,Chennai,33.2,59,8.3,0.0,23.2,29.7,88
2026-06-21T10:51:22,Gurugram,36.5,35,11.5,0.0,126.2,834.5,961
2026-06-21T15:37:38,Bengaluru,28.2,61,5.4,0.0,8.4,11.4,65
2026-06-21T15:37:38,Delhi,39.0,29,11.4,0.0,95.5,581.1,395
2026-06-21T15:37:38,Mumbai,32.9,54,11.3,0.0,14.3,21.4,49
2026-06-21T15:37:39,New York,17.1,69,6.4,0.0,18.4,18.6,20
2026-06-21T15:37:39,Chennai,32.5,70,14.8,0.1,22.3,30.3,86
2026-06-21T15:37:39,Gurugram,38.0,31,12.5,0.0,137.4,1065.4,987
2026-06-21T17:52:22,Bengaluru,23.8,83,2.4,0.8,8.6,11.5,62
2026-06-21T17:52:22,Delhi,33.8,42,13.9,0.0,113.6,705.9,509
2026-06-21T17:52:23,Mumbai,31.6,58,11.1,0.0,12.3,17.8,49
2026-06-21T17:52:23,New York,22.2,51,9.9,0.0,16.6,16.9,41
2026-06-21T17:52:23,Chennai,31.0,74,14.3,0.0,22.0,29.0,88
2026-06-21T17:52:24,Gurugram,33.0,46,23.0,0.0,104.3,655.7,1229
2026-06-21T21:43:15,Bengaluru,21.2,95,9.4,0.1,10.4,10.9,54
2026-06-21T21:43:15,Delhi,34.8,37,7.4,0.0,153.7,765.5,541
2026-06-21T21:43:16,Mumbai,29.9,65,5.3,0.0,9.8,14.8,49
2026-06-21T21:43:16,New York,27.3,34,14.1,0.0,7.7,8.2,48
2026-06-21T21:43:16,Chennai,28.5,85,8.0,0.0,22.5,30.2,78
2026-06-21T21:43:16,Gurugram,31.8,44,14.7,0.0,133.2,681.7,1233
2026-06-21T23:27:09,Bengaluru,21.0,97,6.6,0.0,10.3,10.8,51
2026-06-21T23:27:09,Delhi,32.5,41,8.0,0.0,176.0,855.0,550
2026-06-21T23:27:09,Mumbai,29.9,68,6.5,0.0,9.6,14.7,49
2026-06-21T23:27:09,New York,27.6,34,10.1,0.0,6.9,7.3,49
2026-06-21T23:27:09,Chennai,28.5,86,6.4,0.0,18.7,25.0,76
2026-06-21T23:27:10,Gurugram,30.0,46,11.1,0.0,143.4,733.9,1230
2026-06-22T01:36:35,Bengaluru,21.8,94,9.6,0.0,6.8,7.1,39
2026-06-22T01:36:36,Delhi,32.5,39,2.9,0.0,200.7,869.9,590
2026-06-22T01:36:36,Mumbai,29.0,77,5.1,0.1,7.8,12.2,49
2026-06-22T01:36:36,New York,26.7,31,12.4,0.0,4.1,4.4,50
2026-06-22T01:36:37,Chennai,27.5,86,6.2,0.0,21.9,25.9,73
2026-06-22T01:36:37,Gurugram,29.8,44,6.0,0.0,207.2,1151.1,1223
2026-06-22T03:14:40,Bengaluru,21.1,97,9.2,0.0,6.6,6.9,36
2026-06-22T03:14:40,Delhi,32.3,40,4.7,0.0,196.0,810.3,602
2026-06-22T03:14:40,Mumbai,26.1,91,9.4,0.3,7.0,10.9,48
2026-06-22T03:14:41,New York,27.8,35,11.2,0.0,3.5,3.7,50
2026-06-22T03:14:41,Chennai,27.5,84,7.8,0.0,22.4,26.4,72
2026-06-22T03:14:41,Gurugram,29.8,45,6.6,0.0,210.9,1125.0,1206
2026-06-22T05:17:28,Bengaluru,20.6,97,11.5,0.0,10.0,10.9,38
2026-06-22T05:17:28,Delhi,31.1,45,5.1,0.0,103.4,353.0,513
2026-06-22T05:17:28,Mumbai,25.9,92,10.1,1.0,4.9,6.8,42
2026-06-22T05:17:29,New York,26.3,53,3.9,0.0,3.2,3.3,67
2026-06-22T05:17:29,Chennai,27.4,87,7.3,0.0,17.9,22.6,72
2026-06-22T05:17:29,Gurugram,29.1,49,8.2,0.0,117.6,411.6,1251
2026-06-22T11:04:14,Bengaluru,27.9,57,12.5,0.0,6.1,7.4,38
2026-06-22T11:04:15,Delhi,34.8,36,11.0,0.0,62.6,301.7,418
2026-06-22T11:04:15,Mumbai,29.5,76,10.5,0.3,9.2,10.3,38
2026-06-22T11:04:15,New York,19.5,83,4.3,0.0,10.7,10.8,38
2026-06-22T11:04:16,Chennai,32.4,62,8.0,0.0,17.8,21.9,70
2026-06-22T11:04:16,Gurugram,33.5,43,12.7,0.0,93.8,631.4,768
2026-06-22T17:58:32,Bengaluru,22.8,92,5.9,0.2,6.6,7.2,33
2026-06-22T17:58:33,Delhi,35.4,35,13.0,0.0,109.7,665.0,475
2026-06-22T17:58:33,Mumbai,27.4,81,15.2,0.1,9.4,12.9,43
2026-06-22T17:58:33,New York,22.1,61,3.9,0.0,31.4,32.9,65
2026-06-22T17:58:33,Chennai,30.5,76,15.0,0.0,20.5,25.3,75
2026-06-22T17:58:34,Gurugram,34.2,39,14.5,0.0,128.5,927.6,949
2026-06-22T23:59:06,Bengaluru,20.8,97,11.3,0.0,6.4,6.9,29
2026-06-22T23:59:06,Delhi,31.6,49,3.2,0.0,200.2,1031.9,568
2026-06-22T23:59:06,Mumbai,25.9,93,10.7,0.6,7.7,9.5,34
2026-06-22T23:59:06,New York,24.3,67,23.8,0.0,25.6,28.9,78
2026-06-22T23:59:06,Chennai,26.3,87,14.2,0.0,13.6,15.3,65
2026-06-22T23:59:07,Gurugram,30.0,53,7.1,0.0,143.4,732.0,899
2026-06-23T03:48:02,Bengaluru,20.2,95,11.2,0.0,3.2,3.5,23
2026-06-23T03:48:03,Delhi,30.3,48,3.2,0.0,52.9,175.1,372
2026-06-23T03:48:03,Mumbai,25.3,94,9.9,0.2,6.4,8.1,37
2026-06-23T03:48:03,New York,22.3,92,15.1,0.0,14.8,17.9,80
2026-06-23T03:48:04,Chennai,27.7,79,6.7,0.0,9.1,9.3,58
2026-06-23T03:48:04,Gurugram,27.6,61,6.0,0.0,63.1,214.2,655
2026-06-23T10:02:38,Bengaluru,25.1,68,17.4,0.0,4.1,4.9,20
2026-06-23T10:02:38,Delhi,36.0,33,6.2,0.0,62.9,229.1,258
2026-06-23T10:02:39,Mumbai,25.5,93,7.5,0.3,8.1,9.3,39
2026-06-23T10:02:39,New York,21.6,96,5.8,0.0,7.9,9.1,77
2026-06-23T10:02:39,Chennai,33.0,53,11.7,0.0,12.6,13.5,55
2026-06-23T10:02:40,Gurugram,34.9,36,6.2,0.0,104.8,707.8,484
2026-06-23T15:36:03,Bengaluru,29.1,52,18.7,0.0,5.2,7.5,28
2026-06-23T15:36:03,Delhi,39.2,25,12.4,0.0,76.1,436.8,181
2026-06-23T15:36:03,Mumbai,27.2,83,10.8,0.1,8.7,9.3,36
2026-06-23T15:36:03,New York,21.8,96,7.0,0.0,9.5,10.0,59
2026-06-23T15:36:04,Chennai,32.3,65,7.7,0.3,15.6,20.1,50
2026-06-23T15:36:04,Gurugram,38.5,27,12.5,0.0,108.5,771.1,317
2026-06-23T18:19:05,Bengaluru,23.0,86,12.3,0.4,6.5,8.6,32
2026-06-23T18:19:05,Delhi,37.5,28,13.2,0.0,66.8,315.7,170
2026-06-23T18:19:05,Mumbai,26.5,93,9.0,1.1,8.5,9.7,35
2026-06-23T18:19:06,New York,20.9,93,10.3,0.0,11.1,11.4,54
2026-06-23T18:19:06,Chennai,31.3,70,9.0,0.0,15.7,20.1,68
2026-06-23T18:19:06,Gurugram,32.6,44,13.4,0.0,65.7,301.7,306
2026-06-23T22:14:22,Bengaluru,21.6,88,14.7,0.0,6.3,6.9,29
2026-06-23T22:14:22,Delhi,32.5,47,2.8,0.0,107.6,443.3,166
2026-06-23T22:14:22,Mumbai,25.8,92,0.5,0.4,9.6,16.2,34
2026-06-23T22:14:22,New York,19.5,91,14.3,0.1,7.8,7.9,49
2026-06-23T22:14:23,Chennai,28.0,84,8.8,0.0,16.5,19.6,78
2026-06-23T22:14:23,Gurugram,30.2,55,2.7,0.0,146.2,735.7,370
2026-06-24T01:55:39,Bengaluru,21.5,77,11.4,0.0,3.3,3.6,20
2026-06-24T01:55:39,Delhi,30.9,54,2.8,0.0,149.9,540.2,185
2026-06-24T01:55:40,Mumbai,25.6,94,7.1,1.1,12.7,34.7,35
2026-06-24T01:55:40,New York,21.4,84,10.7,0.0,8.1,8.1,40
2026-06-24T01:55:40,Chennai,29.0,68,11.8,0.0,10.9,11.9,51
2026-06-24T01:55:40,Gurugram,28.5,61,5.9,0.0,171.8,692.9,441
2026-06-24T05:02:17,Bengaluru,20.6,80,10.6,0.0,5.3,7.4,23
2026-06-24T05:02:17,Delhi,29.7,57,2.4,0.0,116.9,333.4,194
2026-06-24T05:02:17,Mumbai,25.1,95,7.7,0.3,11.1,31.7,39
2026-06-24T05:02:17,New York,19.7,88,5.9,0.0,12.4,12.5,37
2026-06-24T05:02:18,Chennai,27.6,69,10.5,0.0,17.6,19.7,57
2026-06-24T05:02:18,Gurugram,27.6,64,2.5,0.0,163.0,871.7,445
2026-06-24T10:10:36,Bengaluru,24.5,67,16.5,0.0,6.2,10.2,26
2026-06-24T10:10:36,Delhi,36.2,34,3.6,0.0,84.5,393.9,246
2026-06-24T10:10:37,Mumbai,25.5,94,8.2,0.7,13.1,31.9,44
2026-06-24T10:10:37,New York,18.0,89,7.9,0.0,11.8,11.8,41
2026-06-24T10:10:37,Chennai,31.6,53,13.6,0.0,16.6,20.7,60
2026-06-24T10:10:37,Gurugram,34.3,41,8.2,0.0,142.0,1028.2,525
2026-06-24T15:23:03,Bengaluru,28.1,55,17.1,0.1,5.3,8.3,27
2026-06-24T15:23:03,Delhi,39.2,26,8.4,0.0,73.3,320.4,260
2026-06-24T15:23:03,Mumbai,27.5,78,7.2,0.1,16.2,31.5,48
2026-06-24T15:23:03,New York,15.5,85,3.8,0.0,6.0,6.1,42
2026-06-24T15:23:04,Chennai,35.1,46,14.1,0.0,18.7,25.6,62
2026-06-24T15:23:04,Gurugram,38.2,28,7.7,0.0,102.9,624.0,582
2026-06-24T18:00:31,Bengaluru,22.9,86,12.1,0.0,6.4,9.4,31
2026-06-24T18:00:31,Delhi,37.6,30,10.1,0.0,76.6,377.2,267
2026-06-24T18:00:31,Mumbai,28.1,78,9.8,0.0,15.1,35.3,47
2026-06-24T18:00:31,New York,20.1,73,12.2,0.0,6.3,6.3,46
2026-06-24T18:00:32,Chennai,32.5,60,10.1,0.0,17.6,25.7,64
2026-06-24T18:00:32,Gurugram,36.1,34,9.1,0.0,95.0,555.1,700
2026-06-24T22:04:38,Bengaluru,22.6,77,14.1,0.0,6.5,8.1,30
2026-06-24T22:04:38,Delhi,33.7,45,5.6,0.0,102.0,350.2,237
2026-06-24T22:04:39,Mumbai,26.6,85,9.1,0.1,12.9,34.8,50
2026-06-24T22:04:39,New York,27.1,36,15.4,0.0,11.6,12.5,46
2026-06-24T22:04:39,Chennai,28.0,75,8.7,0.0,18.6,23.7,62
2026-06-24T22:04:39,Gurugram,31.3,50,4.7,0.0,113.2,430.3,625
2026-06-25T01:43:15,Bengaluru,20.4,89,10.4,0.0,4.9,6.2,28
2026-06-25T01:43:15,Delhi,33.1,44,2.8,0.0,120.1,349.2,227
2026-06-25T01:43:15,Mumbai,25.4,93,11.5,0.4,13.5,32.2,50
2026-06-25T01:43:15,New York,28.9,28,17.4,0.0,10.7,12.1,48
2026-06-25T01:43:16,Chennai,29.4,67,13.5,0.0,14.4,17.5,62
2026-06-25T01:43:16,Gurugram,29.4,60,8.9,0.0,128.1,345.5,597
2026-06-25T03:19:50,Bengaluru,20.2,92,9.1,0.0,4.3,5.2,28
2026-06-25T03:19:50,Delhi,32.1,46,2.5,0.0,119.7,338.1,226
2026-06-25T03:19:50,Mumbai,25.5,92,8.3,0.0,13.7,32.4,50
2026-06-25T03:19:50,New York,28.1,30,15.8,0.0,9.5,10.8,48
2026-06-25T03:19:51,Chennai,29.1,65,12.2,0.0,14.6,17.4,62
2026-06-25T03:19:51,Gurugram,28.9,61,7.4,0.0,122.9,328.8,594
2026-06-25T05:06:14,Bengaluru,20.1,94,11.3,0.0,3.3,3.9,27
2026-06-25T05:06:14,Delhi,30.9,54,2.2,0.0,123.9,334.3,225
2026-06-25T05:06:14,Mumbai,26.0,89,9.4,0.0,13.4,33.8,51
2026-06-25T05:06:15,New York,26.7,32,14.1,0.0,7.1,8.0,47
2026-06-25T05:06:15,Chennai,28.2,61,12.4,0.0,14.9,17.3,61
2026-06-25T05:06:15,Gurugram,28.5,62,6.2,0.0,117.1,301.7,591
2026-06-25T10:07:05,Bengaluru,26.2,61,18.5,0.1,5.5,8.8,26
2026-06-25T10:07:06,Delhi,36.7,34,2.5,0.0,112.2,358.6,204
2026-06-25T10:07:06,Mumbai,28.1,77,10.9,0.0,14.5,30.3,53
2026-06-25T10:07:06,New York,19.6,70,6.8,0.0,13.8,14.5,37
2026-06-25T10:07:06,Chennai,33.1,50,15.0,0.0,12.7,16.9,59
2026-06-25T10:07:07,Gurugram,35.2,41,1.2,0.0,95.7,323.2,500
2026-06-25T15:16:38,Bengaluru,26.8,66,12.4,0.2,6.3,11.2,24
2026-06-25T15:16:38,Delhi,39.1,30,6.5,0.0,85.4,284.1,193
2026-06-25T15:16:39,Mumbai,28.5,78,12.7,0.2,16.4,28.1,54
2026-06-25T15:16:39,New York,17.1,82,5.2,0.0,20.9,21.7,44
2026-06-25T15:16:39,Chennai,35.5,47,5.3,0.0,19.6,27.8,58
2026-06-25T15:16:40,Gurugram,37.1,37,5.2,0.0,82.0,339.0,277
2026-06-25T18:04:15,Bengaluru,26.4,63,14.6,0.0,10.3,14.8,29
2026-06-25T18:04:16,Delhi,37.3,35,7.5,0.0,73.1,246.8,188
2026-06-25T18:04:16,Mumbai,28.1,80,11.5,0.0,11.5,20.7,54
2026-06-25T18:04:16,New York,21.8,69,3.1,0.0,20.8,21.8,52
2026-06-25T18:04:17,Chennai,30.2,74,9.4,0.2,20.0,29.5,62
2026-06-25T18:04:17,Gurugram,36.1,38,4.5,0.0,77.3,370.7,207
2026-06-25T22:07:49,Bengaluru,23.0,79,11.8,0.0,11.2,14.3,27
2026-06-25T22:07:49,Delhi,34.4,41,3.4,0.0,102.7,244.9,178
2026-06-25T22:07:49,Mumbai,27.5,87,5.7,0.1,11.6,19.8,53
2026-06-25T22:07:50,New York,28.4,36,11.2,0.0,14.5,15.4,55
2026-06-25T22:07:50,Chennai,27.7,82,8.9,0.0,19.3,23.9,69
2026-06-25T22:07:50,Gurugram,30.6,63,4.9,0.0,94.3,270.1,186
2026-06-26T01:54:04,Bengaluru,20.9,91,10.9,0.0,6.6,8.8,29
2026-06-26T01:54:04,Delhi,32.5,49,3.3,0.0,119.7,258.9,175
2026-06-26T01:54:04,Mumbai,26.6,91,6.5,0.0,9.6,17.3,52
2026-06-26T01:54:04,New York,27.6,44,20.0,0.0,13.9,15.0,56
2026-06-26T01:54:05,Chennai,27.1,82,9.8,0.0,19.2,24.6,60
2026-06-26T01:54:05,Gurugram,29.4,65,6.9,0.0,102.7,270.1,173
2026-06-26T05:17:46,Bengaluru,20.5,94,9.1,0.0,6.3,8.9,27
2026-06-26T05:17:46,Delhi,31.1,55,4.8,0.0,91.0,207.7,168
2026-06-26T05:17:47,Mumbai,26.8,87,4.7,0.0,15.4,32.0,57
2026-06-26T05:17:47,New York,24.1,56,18.0,0.0,13.5,14.3,73
2026-06-26T05:17:47,Chennai,28.6,67,10.5,0.0,17.1,20.0,57
2026-06-26T05:17:47,Gurugram,29.1,63,7.7,0.0,72.2,173.2,162
2026-06-26T10:13:05,Bengaluru,25.9,62,16.5,0.1,8.8,15.2,30
2026-06-26T10:13:05,Delhi,37.2,35,4.1,0.0,60.5,159.7,164
2026-06-26T10:13:06,Mumbai,28.8,76,8.4,0.0,19.8,37.7,58
2026-06-26T10:13:06,New York,21.7,71,17.1,0.0,13.0,15.0,57
2026-06-26T10:13:06,Chennai,34.0,46,11.0,0.0,17.5,23.8,58
2026-06-26T10:13:07,Gurugram,35.5,42,6.8,0.0,57.2,244.0,157
2026-06-26T15:24:01,Bengaluru,26.4,68,9.4,0.4,6.6,12.2,31
2026-06-26T15:24:01,Delhi,40.8,29,7.7,0.0,53.6,185.3,160
2026-06-26T15:24:02,Mumbai,29.4,77,12.6,0.0,22.9,38.1,62
2026-06-26T15:24:03,New York,20.4,87,6.3,0.0,14.1,16.1,55
2026-06-26T15:24:03,Chennai,32.2,60,13.3,0.0,22.7,33.4,61
2026-06-26T15:24:04,Gurugram,39.3,31,6.7,0.0,53.4,222.1,153
2026-06-26T17:58:01,Bengaluru,25.5,68,13.5,0.0,7.4,9.8,29
2026-06-26T17:58:01,Delhi,38.2,35,5.3,0.0,54.4,215.1,174
2026-06-26T17:58:02,Mumbai,29.2,76,11.2,0.0,16.4,29.0,63
2026-06-26T17:58:02,New York,21.6,81,9.6,0.0,13.5,15.1,51
2026-06-26T17:58:02,Chennai,30.7,67,12.6,0.0,19.9,30.0,58
2026-06-26T17:58:02,Gurugram,37.7,35,10.6,0.0,59.8,297.1,152
2026-06-26T21:59:41,Bengaluru,22.5,85,10.1,0.0,10.8,12.6,29
2026-06-26T21:59:42,Delhi,36.2,41,2.6,0.0,84.1,219.3,159
2026-06-26T21:59:42,Mumbai,28.4,82,5.1,0.0,12.0,21.7,62
2026-06-26T21:59:42,New York,24.6,77,7.0,0.0,10.4,10.9,51
2026-06-26T21:59:43,Chennai,29.4,77,10.8,0.0,24.4,34.2,61
2026-06-26T21:59:43,Gurugram,33.2,49,5.9,0.0,76.4,220.3,153
2026-06-27T01:43:19,Bengaluru,21.1,89,10.6,0.0,7.8,10.3,31
2026-06-27T01:43:20,Delhi,34.0,48,2.0,0.0,124.3,311.1,161
2026-06-27T01:43:20,Mumbai,27.2,87,5.2,0.1,12.9,23.0,61
2026-06-27T01:43:20,New York,28.6,47,12.0,0.0,8.6,8.8,50
2026-06-27T01:43:20,Chennai,28.4,75,8.7,0.0,16.3,21.6,63
2026-06-27T01:43:21,Gurugram,30.9,62,8.9,0.0,88.0,208.6,154
2026-06-27T03:13:36,Bengaluru,20.5,92,9.9,0.0,7.4,9.8,31
2026-06-27T03:13:37,Delhi,33.3,50,2.7,0.0,130.4,312.9,162
2026-06-27T03:13:37,Mumbai,26.4,91,4.8,0.2,12.8,22.9,60
2026-06-27T03:13:37,New York,29.2,54,16.9,0.0,8.2,8.4,50
2026-06-27T03:13:37,Chennai,28.4,77,11.1,0.0,15.0,19.3,63
2026-06-27T03:13:37,Gurugram,30.4,65,6.1,0.0,89.6,202.6,155
2026-06-27T05:06:31,Bengaluru,20.2,95,10.1,0.0,9.0,13.4,36
2026-06-27T05:06:32,Delhi,32.3,56,1.8,0.0,66.8,175.6,158
2026-06-27T05:06:32,Mumbai,26.4,91,3.3,0.0,13.6,24.4,64
2026-06-27T05:06:32,New York,26.7,53,10.0,0.0,13.6,14.0,70
2026-06-27T05:06:32,Chennai,28.1,71,11.3,0.0,29.6,38.4,73
2026-06-27T05:06:33,Gurugram,29.4,72,5.0,0.0,70.1,240.3,156
2026-06-27T09:58:40,Bengaluru,26.0,66,11.7,0.0,9.2,15.6,37
2026-06-27T09:58:40,Delhi,37.6,36,6.6,0.0,95.0,304.5,156
2026-06-27T09:58:40,Mumbai,29.0,78,5.1,0.0,13.9,22.4,63
2026-06-27T09:58:41,New York,23.1,75,4.8,0.0,15.5,15.7,51
2026-06-27T09:58:41,Chennai,33.7,48,10.0,0.0,24.0,32.7,79
2026-06-27T09:58:41,Gurugram,36.2,40,8.5,0.0,81.0,282.2,165
2026-06-27T14:37:36,Bengaluru,30.1,50,9.6,0.0,8.0,15.6,40
2026-06-27T14:37:36,Delhi,41.7,25,6.0,0.0,71.9,210.9,159
2026-06-27T14:37:37,Mumbai,30.6,71,11.2,0.0,14.9,22.9,60
2026-06-27T14:37:37,New York,21.4,83,5.4,0.0,16.3,16.4,53
2026-06-27T14:37:37,Chennai,34.2,53,14.0,0.2,26.9,38.8,83
2026-06-27T14:37:38,Gurugram,39.7,28,9.4,0.0,65.2,204.9,172
2026-06-27T17:17:56,Bengaluru,22.9,84,13.5,2.1,9.3,19.5,41
2026-06-27T17:17:56,Delhi,39.7,28,12.6,0.0,72.4,234.2,163
2026-06-27T17:17:57,Mumbai,30.0,72,10.4,0.0,18.0,29.5,61
2026-06-27T17:17:57,New York,23.3,81,6.1,0.0,29.0,29.5,67
2026-06-27T17:17:57,Chennai,32.3,61,14.6,0.0,22.8,33.8,78
2026-06-27T17:17:58,Gurugram,38.2,32,11.2,0.0,99.2,549.5,193
2026-06-27T19:39:24,Bengaluru,22.6,88,8.1,0.1,8.6,10.4,42
2026-06-27T19:39:25,Delhi,37.7,34,7.1,0.0,80.6,276.6,164
2026-06-27T19:39:25,Mumbai,29.3,79,4.4,0.0,15.0,27.5,60
2026-06-27T19:39:25,New York,25.3,64,8.0,0.0,24.6,25.1,71
2026-06-27T19:39:25,Chennai,30.4,73,11.3,0.0,22.1,32.2,86
2026-06-27T19:39:25,Gurugram,35.2,43,7.3,0.0,79.6,310.1,223
2026-06-27T21:11:05,Bengaluru,22.2,94,9.1,0.1,9.5,11.2,41
2026-06-27T21:11:05,Delhi,36.5,39,3.2,0.0,86.4,279.4,165
2026-06-27T21:11:05,Mumbai,29.0,82,3.9,0.0,15.3,28.5,60
2026-06-27T21:11:06,New York,26.5,54,4.8,0.0,23.5,24.0,72
2026-06-27T21:11:06,Chennai,30.4,73,13.1,0.0,22.1,31.8,83
2026-06-27T21:11:06,Gurugram,34.7,45,3.6,0.0,78.2,262.6,233
2026-06-27T23:02:52,Bengaluru,21.9,93,9.6,0.1,9.4,10.9,39
2026-06-27T23:02:53,Delhi,35.8,44,2.0,0.0,102.4,290.6,166
2026-06-27T23:02:53,Mumbai,28.5,83,4.0,0.0,16.4,30.6,60
2026-06-27T23:02:53,New York,28.0,49,3.1,0.0,25.0,25.7,74
2026-06-27T23:02:54,Chennai,29.2,77,11.7,0.2,20.4,29.0,74
2026-06-27T23:02:55,Gurugram,33.2,50,5.6,0.0,78.0,194.6,239
2026-06-28T01:17:34,Bengaluru,21.1,96,10.7,0.0,8.6,9.9,39
2026-06-28T01:17:34,Delhi,34.5,46,2.4,0.0,118.3,314.8,167
2026-06-28T01:17:34,Mumbai,27.9,87,3.7,0.0,16.9,32.1,60
2026-06-28T01:17:34,New York,25.6,53,5.5,0.0,26.0,26.7,77
2026-06-28T01:17:35,Chennai,25.2,95,10.4,0.4,18.4,25.6,72
2026-06-28T01:17:35,Gurugram,32.0,56,6.7,0.0,74.7,158.3,197
2026-06-28T03:02:15,Bengaluru,20.7,96,11.1,0.0,5.8,6.4,38
2026-06-28T03:02:15,Delhi,33.5,49,2.8,0.0,128.5,349.2,170
2026-06-28T03:02:15,Mumbai,27.3,88,7.2,0.0,17.8,34.1,60
2026-06-28T03:02:15,New York,25.4,64,10.0,0.0,26.5,27.4,80
2026-06-28T03:02:16,Chennai,26.0,93,9.2,0.0,19.0,26.0,71
2026-06-28T03:02:16,Gurugram,31.1,59,6.2,0.0,71.0,181.1,184
2026-06-28T05:00:18,Bengaluru,20.5,97,11.1,0.0,10.4,14.6,44
2026-06-28T05:00:18,Delhi,32.6,55,1.9,0.0,115.7,222.1,170
2026-06-28T05:00:18,Mumbai,26.5,88,8.1,0.0,14.3,25.3,60
2026-06-28T05:00:19,New York,21.6,70,2.9,0.0,26.0,26.7,79
2026-06-28T05:00:19,Chennai,26.1,93,9.0,0.0,16.7,21.6,68
2026-06-28T05:00:19,Gurugram,30.4,60,5.2,0.0,69.6,197.9,166
2026-06-28T10:25:29,Bengaluru,26.6,60,14.5,0.0,6.1,8.5,45
2026-06-28T10:25:30,Delhi,38.3,35,3.6,0.0,86.4,345.5,171
2026-06-28T10:25:30,Mumbai,29.0,78,8.3,0.0,14.5,24.1,60
2026-06-28T10:25:30,New York,20.1,92,7.2,0.0,42.0,42.4,82
2026-06-28T10:25:30,Chennai,32.9,57,8.0,0.0,17.3,22.4,66
2026-06-28T10:25:30,Gurugram,37.5,39,11.2,0.0,119.0,698.5,187
2026-06-28T15:05:09,Bengaluru,25.5,71,18.5,0.6,5.8,10.0,41
2026-06-28T15:05:10,Delhi,42.0,28,9.5,0.0,81.3,269.2,170
2026-06-28T15:05:10,Mumbai,29.4,75,10.2,0.2,15.4,26.3,58
2026-06-28T15:05:10,New York,20.2,95,5.1,0.0,39.5,39.7,88
2026-06-28T15:05:11,Chennai,31.9,73,14.3,0.1,22.5,32.2,66
2026-06-28T15:05:11,Gurugram,39.8,31,12.3,0.0,88.2,389.3,225
2026-06-28T17:29:19,Bengaluru,24.5,84,14.7,0.1,5.1,7.3,42
2026-06-28T17:29:19,Delhi,40.1,30,13.3,0.0,62.2,177.0,165
2026-06-28T17:29:20,Mumbai,29.0,76,11.9,0.1,12.7,25.1,57
2026-06-28T17:29:20,New York,21.9,85,4.4,0.0,72.6,72.9,120
2026-06-28T17:29:20,Chennai,30.6,74,14.0,0.0,20.4,28.4,66
2026-06-28T17:29:20,Gurugram,39.0,32,14.2,0.0,71.0,276.6,170
2026-06-28T19:48:38,Bengaluru,23.7,76,18.6,0.0,6.2,6.7,39
2026-06-28T19:48:39,Delhi,37.6,38,8.6,0.0,81.3,235.2,178
2026-06-28T19:48:39,Mumbai,25.5,94,8.7,1.1,10.1,20.0,55
2026-06-28T19:48:39,New York,24.3,73,4.5,0.0,27.9,28.6,132
2026-06-28T19:48:40,Chennai,27.8,85,11.1,2.0,22.1,29.7,86
2026-06-28T19:48:40,Gurugram,35.8,45,6.7,0.0,88.2,326.9,171
2026-06-28T23:07:26,Bengaluru,22.0,87,14.8,0.0,4.5,4.6,36
2026-06-28T23:07:26,Delhi,36.7,42,4.4,0.0,108.0,273.8,165
2026-06-28T23:07:26,Mumbai,26.0,97,5.3,0.1,10.7,18.9,54
2026-06-28T23:07:26,New York,27.6,61,8.0,0.0,29.9,30.7,135
2026-06-28T23:07:27,Chennai,25.9,95,8.1,1.4,17.1,24.0,69
2026-06-28T23:07:27,Gurugram,33.2,56,4.3,0.0,98.0,271.0,175
2026-06-29T01:18:32,Bengaluru,21.8,90,12.1,0.0,3.6,3.7,33
2026-06-29T01:18:32,Delhi,36.1,46,0.6,0.0,116.4,285.9,165
2026-06-29T01:18:33,Mumbai,25.5,94,3.1,0.7,10.4,18.4,53
2026-06-29T01:18:33,New York,28.0,60,11.1,0.0,29.2,30.3,137
2026-06-29T01:18:33,Chennai,26.0,95,11.0,0.3,10.0,11.9,63
2026-06-29T01:18:33,Gurugram,31.9,63,7.0,0.0,102.0,271.9,177
2026-06-29T03:01:37,Bengaluru,21.5,92,11.8,0.0,3.1,3.2,29
2026-06-29T03:01:37,Delhi,34.7,48,4.1,0.0,121.5,293.4,165
2026-06-29T03:01:37,Mumbai,26.1,95,1.4,0.1,10.6,19.1,52
2026-06-29T03:01:38,New York,26.6,57,14.3,0.0,27.2,28.5,137
2026-06-29T03:01:38,Chennai,25.5,95,11.1,0.0,9.9,12.2,63
2026-06-29T03:01:38,Gurugram,31.4,61,3.3,0.0,111.3,297.1,181
2026-06-29T05:02:35,Bengaluru,21.0,95,12.3,0.0,3.0,3.2,26
2026-06-29T05:02:35,Delhi,32.6,57,8.3,0.0,123.4,304.5,165
2026-06-29T05:02:35,Mumbai,26.0,93,3.1,0.4,9.6,16.8,51
2026-06-29T05:02:35,New York,24.7,57,12.7,0.0,25.7,27.2,158
2026-06-29T05:02:36,Chennai,25.6,91,10.7,0.0,10.6,13.2,61
2026-06-29T05:02:36,Gurugram,30.9,64,2.9,0.0,179.3,925.7,194
2026-06-29T10:32:19,Bengaluru,26.2,63,17.9,0.0,2.7,2.7,20
2026-06-29T10:32:19,Delhi,39.1,31,11.5,0.0,105.5,403.3,169
2026-06-29T10:32:19,Mumbai,27.8,81,9.4,0.1,11.6,18.7,51
2026-06-29T10:32:19,New York,19.8,95,6.7,0.0,28.2,31.1,121
2026-06-29T10:32:20,Chennai,33.3,54,10.1,0.0,12.9,14.9,59
2026-06-29T10:32:20,Gurugram,37.8,36,14.8,0.0,157.4,1020.7,284
2026-06-29T16:55:50,Bengaluru,22.7,89,16.2,0.3,3.2,3.5,30
2026-06-29T16:55:50,Delhi,40.2,33,9.1,0.0,120.6,638.9,190
2026-06-29T16:55:50,Mumbai,28.0,81,15.0,1.5,7.7,11.9,44
2026-06-29T16:55:51,New York,21.0,82,4.6,0.0,50.6,53.1,95
2026-06-29T16:55:51,Chennai,31.5,71,14.0,0.0,17.6,23.1,57
2026-06-29T16:55:51,Gurugram,39.6,34,13.7,0.2,118.0,650.1,447
2026-06-29T21:43:33,Bengaluru,20.8,97,17.7,0.2,6.2,7.8,35
2026-06-29T21:43:33,Delhi,35.0,52,3.5,0.0,148.5,691.0,326
2026-06-29T21:43:34,Mumbai,25.9,93,10.5,0.6,7.8,12.9,47
2026-06-29T21:43:34,New York,30.4,45,5.1,0.0,22.0,22.5,89
2026-06-29T21:43:34,Chennai,29.3,71,12.7,0.0,18.5,23.7,71
2026-06-29T21:43:34,Gurugram,33.8,53,11.0,0.0,156.5,741.3,536
2026-06-29T23:56:31,Bengaluru,20.8,97,17.0,0.0,3.8,4.4,29
2026-06-29T23:56:31,Delhi,33.5,57,4.3,0.0,162.1,650.1,371
2026-06-29T23:56:31,Mumbai,26.0,93,9.6,0.5,7.6,12.4,46
2026-06-29T23:56:32,New York,30.5,45,10.1,0.0,21.8,22.3,88
2026-06-29T23:56:32,Chennai,28.3,75,12.8,0.0,14.7,18.0,56
2026-06-29T23:56:32,Gurugram,32.2,61,11.1,0.0,155.5,586.7,575
2026-06-30T03:15:38,Bengaluru,20.5,90,16.4,0.0,2.3,2.7,22
2026-06-30T03:15:38,Delhi,34.4,49,7.2,0.0,133.6,384.6,413
2026-06-30T03:15:38,Mumbai,26.4,93,6.6,1.2,6.3,11.1,44
2026-06-30T03:15:38,New York,29.8,43,13.0,0.0,23.2,23.7,122
2026-06-30T03:15:38,Chennai,27.3,77,14.7,0.0,12.2,12.6,57
2026-06-30T03:15:39,Gurugram,32.8,46,6.5,0.0,105.7,312.0,597
2026-06-30T04:48:28,Bengaluru,20.6,89,18.0,0.0,2.1,2.6,17
2026-06-30T04:48:28,Delhi,34.3,49,0.9,0.0,117.3,347.4,394
2026-06-30T04:48:29,Mumbai,25.9,91,13.0,0.9,5.6,9.0,47
2026-06-30T04:48:29,New York,28.4,42,12.1,0.0,23.7,24.2,158
2026-06-30T04:48:29,Chennai,27.2,76,9.6,0.0,5.8,6.8,52
2026-06-30T04:48:30,Gurugram,32.1,48,10.3,0.0,128.5,570.0,617
2026-06-30T10:06:40,Bengaluru,25.1,66,21.3,0.0,2.7,3.0,18
2026-06-30T10:06:40,Delhi,37.5,35,4.9,0.0,108.5,443.3,425
2026-06-30T10:06:40,Mumbai,26.2,92,11.6,0.4,9.4,15.9,46
2026-06-30T10:06:41,New York,23.1,66,6.4,0.0,14.7,15.0,100
2026-06-30T10:06:41,Chennai,32.3,55,11.2,0.0,5.6,6.7,46
2026-06-30T10:06:41,Gurugram,36.5,39,9.4,0.0,112.2,618.4,641
2026-06-30T15:33:33,Bengaluru,24.4,77,11.5,0.4,3.6,4.8,26
2026-06-30T15:33:33,Delhi,40.6,31,9.9,0.0,137.4,713.4,648
2026-06-30T15:33:34,Mumbai,27.2,86,15.9,0.3,10.5,17.3,43
2026-06-30T15:33:34,New York,21.0,75,7.7,0.0,15.1,16.4,76
2026-06-30T15:33:34,Chennai,35.2,44,16.5,0.0,12.9,17.8,38
2026-06-30T15:33:35,Gurugram,39.7,31,10.5,0.0,222.1,1385.8,977
2026-06-30T17:55:43,Bengaluru,23.4,87,16.0,0.1,4.5,5.2,29
2026-06-30T17:55:44,Delhi,39.3,32,8.7,0.0,112.2,486.2,640
2026-06-30T17:55:44,Mumbai,26.2,91,15.6,0.7,9.5,15.8,41
2026-06-30T17:55:44,New York,25.5,65,7.9,0.0,14.3,15.5,70
2026-06-30T17:55:45,Chennai,32.3,59,7.3,0.0,14.2,19.7,46
2026-06-30T17:55:45,Gurugram,38.0,34,11.3,0.0,196.0,1013.3,1027
2026-06-30T22:03:04,Bengaluru,22.0,85,17.7,0.0,4.7,5.2,25
2026-06-30T22:03:04,Delhi,30.4,82,10.8,0.0,84.5,356.7,618
2026-06-30T22:03:04,Mumbai,26.5,92,12.7,0.8,8.6,14.4,37
2026-06-30T22:03:04,New York,31.4,48,19.7,0.0,13.9,14.3,63
2026-06-30T22:03:04,Chennai,27.0,89,8.6,0.1,9.0,10.1,45
2026-06-30T22:03:05,Gurugram,31.3,76,15.4,0.0,221.2,1255.4,1055
2026-07-01T01:52:18,Bengaluru,21.2,88,16.3,0.0,2.5,2.6,17
2026-07-01T01:52:19,Delhi,30.3,70,7.4,0.0,86.6,380.9,593
2026-07-01T01:52:19,Mumbai,26.4,91,14.3,2.8,7.8,15.9,37
2026-07-01T01:52:19,New York,32.0,40,18.6,0.0,15.2,15.7,96
2026-07-01T01:52:19,Chennai,27.0,70,11.4,0.0,12.1,13.5,37
2026-07-01T01:52:19,Gurugram,30.6,69,10.0,0.0,238.0,1281.5,1161
2026-07-01T05:09:20,Bengaluru,20.9,87,15.3,0.0,2.1,2.4,16
2026-07-01T05:09:20,Delhi,29.6,70,9.2,0.0,69.6,247.7,563
2026-07-01T05:09:20,Mumbai,26.6,91,17.2,0.9,8.4,17.2,39
2026-07-01T05:09:21,New York,30.7,35,15.3,0.0,18.6,19.2,134
2026-07-01T05:09:21,Chennai,28.5,64,11.9,0.0,7.0,7.9,40
2026-07-01T05:09:21,Gurugram,29.3,68,12.6,0.0,174.6,942.5,1169
2026-07-01T10:26:24,Bengaluru,25.0,67,22.4,0.0,2.5,2.6,17
2026-07-01T10:26:24,Delhi,30.2,71,4.7,0.0,55.9,219.8,485
2026-07-01T10:26:25,Mumbai,26.8,92,15.8,1.3,10.2,20.0,40
2026-07-01T10:26:25,New York,25.1,51,14.2,0.0,14.2,15.8,63
2026-07-01T10:26:25,Chennai,33.2,49,16.4,0.0,5.6,6.2,42
2026-07-01T10:26:25,Gurugram,30.6,71,10.1,0.1,88.0,594.2,1065
2026-07-01T15:47:32,Bengaluru,25.4,66,22.5,0.0,3.1,4.2,23
2026-07-01T15:47:32,Delhi,35.8,46,6.1,0.0,74.5,257.0,166
2026-07-01T15:47:32,Mumbai,26.4,90,20.2,0.6,6.6,10.2,35
2026-07-01T15:47:33,New York,24.1,68,15.5,0.0,10.7,12.5,57
2026-07-01T15:47:33,Chennai,32.7,58,6.4,0.0,8.9,10.7,39
2026-07-01T15:47:33,Gurugram,35.5,47,3.3,0.0,100.4,596.0,588
2026-07-01T20:44:47,Bengaluru,22.6,78,15.6,0.0,4.3,4.7,25
2026-07-01T20:44:47,Delhi,29.0,75,5.7,0.0,74.0,218.9,155
2026-07-01T20:44:47,Mumbai,25.9,93,16.0,1.4,11.1,20.7,34
2026-07-01T20:44:48,New York,30.7,61,13.5,0.0,20.1,23.7,55
2026-07-01T20:44:48,Chennai,31.2,58,9.7,0.0,17.5,19.0,40
2026-07-01T20:44:48,Gurugram,29.5,77,9.2,0.0,120.1,624.0,455
2026-07-01T23:48:34,Bengaluru,21.1,91,14.7,0.0,3.9,4.0,20
2026-07-01T23:48:34,Delhi,28.0,81,5.7,0.0,69.2,190.0,155
2026-07-01T23:48:34,Mumbai,25.5,93,14.1,0.9,9.5,17.4,34
2026-07-01T23:48:34,New York,35.6,47,11.6,0.0,23.7,29.2,67
2026-07-01T23:48:34,Chennai,30.0,60,10.0,0.0,20.8,24.4,40
2026-07-01T23:48:35,Gurugram,28.5,76,9.4,0.0,113.4,549.5,406
2026-07-02T03:21:10,Bengaluru,20.6,93,17.1,0.0,2.1,2.2,16
2026-07-02T03:21:10,Delhi,25.9,95,1.8,0.2,67.8,158.8,153
2026-07-02T03:21:10,Mumbai,26.0,92,12.2,0.4,10.7,22.3,36
2026-07-02T03:21:10,New York,33.6,50,15.8,0.0,21.2,26.4,141
2026-07-02T03:21:10,Chennai,29.4,60,13.9,0.0,7.7,9.2,37
2026-07-02T03:21:11,Gurugram,24.8,96,5.3,2.1,63.6,167.2,268
2026-07-02T05:17:20,Bengaluru,20.5,93,16.1,0.0,1.8,1.8,16
2026-07-02T05:17:20,Delhi,25.6,97,6.8,0.7,58.9,107.3,152
2026-07-02T05:17:20,Mumbai,26.0,93,11.2,0.7,9.6,19.3,37
2026-07-02T05:17:20,New York,32.2,59,9.0,0.0,21.9,25.5,152
2026-07-02T05:17:21,Chennai,29.2,58,14.9,0.0,6.1,7.1,36
2026-07-02T05:17:21,Gurugram,25.0,98,6.0,1.0,51.0,122.5,184
2026-07-02T10:03:10,Bengaluru,25.4,65,21.8,0.0,3.9,3.9,15
2026-07-02T10:03:10,Delhi,32.3,58,4.5,0.0,44.4,101.0,153
2026-07-02T10:03:10,Mumbai,26.2,94,17.4,2.8,10.4,19.2,38
2026-07-02T10:03:10,New York,28.5,68,11.6,0.0,28.2,30.7,63
2026-07-02T10:03:11,Chennai,34.6,44,17.1,0.0,5.4,5.6,36
2026-07-02T10:03:11,Gurugram,31.8,63,3.8,0.0,53.8,146.7,170
2026-07-02T15:06:30,Bengaluru,28.5,52,23.1,0.1,2.9,4.0,19
2026-07-02T15:06:30,Delhi,32.1,62,2.6,0.0,21.9,37.1,150
2026-07-02T15:06:31,Mumbai,26.4,92,20.0,0.7,12.3,23.9,40
2026-07-02T15:06:31,New York,26.4,88,4.1,0.0,19.6,22.0,68
2026-07-02T15:06:31,Chennai,37.1,40,15.9,0.0,9.5,12.8,36
2026-07-02T15:06:31,Gurugram,31.5,65,3.3,0.0,46.9,101.7,156
2026-07-02T17:52:35,Bengaluru,25.9,65,18.4,0.0,2.9,3.4,27
2026-07-02T17:52:35,Delhi,32.8,58,2.4,0.0,33.5,74.5,151
2026-07-02T17:52:35,Mumbai,26.9,90,16.7,0.2,10.2,18.3,38
2026-07-02T17:52:35,New York,31.1,61,7.6,0.0,25.3,28.6,74
2026-07-02T17:52:35,Chennai,32.2,61,8.1,0.0,11.6,15.0,45
2026-07-02T17:52:36,Gurugram,32.0,61,2.5,0.0,62.2,148.1,174
2026-07-02T21:47:06,Bengaluru,23.0,78,18.6,0.0,4.9,6.0,24
2026-07-02T21:47:07,Delhi,29.5,79,4.6,0.0,41.3,66.4,158
2026-07-02T21:47:07,Mumbai,25.4,93,12.4,0.7,12.3,23.8,39
2026-07-02T21:47:07,New York,38.4,32,7.7,0.0,27.6,35.7,79
2026-07-02T21:47:07,Chennai,29.6,70,3.8,0.5,11.8,14.0,44
2026-07-02T21:47:08,Gurugram,28.9,80,3.7,0.0,59.1,93.4,203
2026-07-02T23:37:46,Bengaluru,22.2,82,17.4,0.0,4.8,6.1,21
2026-07-02T23:37:46,Delhi,29.2,82,3.3,0.0,46.7,80.1,138
2026-07-02T23:37:46,Mumbai,25.0,94,8.0,0.4,10.7,21.1,39
2026-07-02T23:37:46,New York,39.2,30,12.0,0.0,26.6,34.2,79
2026-07-02T23:37:46,Chennai,27.0,89,11.8,0.2,10.7,12.1,37
2026-07-02T23:37:47,Gurugram,28.5,84,3.4,0.0,59.4,93.8,167
2026-07-03T01:25:31,Bengaluru,21.5,85,16.8,0.0,4.0,5.0,20
2026-07-03T01:25:31,Delhi,28.5,86,6.3,0.0,46.4,74.5,136
2026-07-03T01:25:31,Mumbai,25.5,93,11.3,0.6,11.0,21.9,39
2026-07-03T01:25:32,New York,38.2,35,17.7,0.0,25.0,32.0,97
2026-07-03T01:25:32,Chennai,27.5,84,4.0,0.0,8.9,9.7,36
2026-07-03T01:25:32,Gurugram,28.2,87,4.6,0.0,55.8,85.0,153
2026-07-03T03:06:17,Bengaluru,21.4,88,14.7,0.0,2.8,3.2,18
2026-07-03T03:06:17,Delhi,28.1,89,5.6,0.3,45.2,58.7,131
2026-07-03T03:06:18,Mumbai,25.8,92,13.4,0.7,9.9,19.6,39
2026-07-03T03:06:18,New York,36.4,44,16.3,0.0,18.9,23.9,137
2026-07-03T03:06:18,Chennai,29.4,66,5.7,0.0,6.2,6.8,36
2026-07-03T03:06:19,Gurugram,27.4,92,1.5,0.3,50.6,69.8,152
2026-07-03T05:01:53,Bengaluru,20.9,90,14.9,0.0,3.7,6.4,17
2026-07-03T05:01:53,Delhi,26.1,96,8.0,0.1,41.1,58.7,125
2026-07-03T05:01:53,Mumbai,25.9,92,13.6,0.5,12.5,27.0,41
2026-07-03T05:01:53,New York,36.9,46,11.5,0.0,14.1,16.5,132
2026-07-03T05:01:54,Chennai,29.9,62,11.1,0.0,12.0,12.8,44
2026-07-03T05:01:54,Gurugram,26.8,98,7.8,0.0,49.7,114.6,156
2026-07-03T13:11:32,Bengaluru,27.2,59,22.6,0.2,6.0,11.5,21
2026-07-03T13:11:32,Delhi,34.3,54,6.9,0.0,23.8,24.2,102
2026-07-03T13:11:32,Mumbai,25.8,89,15.4,0.6,11.0,22.4,47
2026-07-03T13:11:33,New York,29.5,59,5.4,0.0,13.2,14.3,68
2026-07-03T13:11:33,Chennai,30.9,66,11.3,0.8,11.6,17.4,51
2026-07-03T13:11:33,Gurugram,34.0,54,7.4,0.0,20.3,21.7,151
2026-07-03T16:32:31,Bengaluru,24.7,71,21.4,0.1,6.5,10.0,29
2026-07-03T16:32:31,Delhi,36.2,45,7.0,0.1,40.6,104.8,120
2026-07-03T16:32:31,Mumbai,27.0,86,16.6,0.3,10.1,18.6,44
2026-07-03T16:32:32,New York,30.4,54,9.5,0.0,9.8,10.5,62
2026-07-03T16:32:32,Chennai,28.6,83,11.6,0.7,17.1,24.3,53
2026-07-03T16:32:32,Gurugram,34.9,53,5.3,0.0,54.0,252.4,147
2026-07-03T20:03:55,Bengaluru,22.8,80,17.0,0.0,5.1,5.9,29
2026-07-03T20:03:55,Delhi,32.8,66,0.9,0.0,49.1,103.1,135
2026-07-03T20:03:55,Mumbai,26.4,90,14.0,0.5,9.8,18.3,43
2026-07-03T20:03:55,New York,35.9,43,9.0,0.0,12.9,14.2,58
2026-07-03T20:03:56,Chennai,29.5,67,16.9,0.0,14.9,19.6,53
2026-07-03T20:03:56,Gurugram,31.5,69,1.3,0.0,49.9,123.4,142
2026-07-03T23:21:42,Bengaluru,21.8,87,15.3,0.0,3.4,3.7,24
2026-07-03T23:21:42,Delhi,31.1,74,4.9,0.0,60.3,83.1,105
2026-07-03T23:21:42,Mumbai,26.0,91,18.2,0.6,10.6,22.0,42
2026-07-03T23:21:43,New York,38.9,31,18.4,0.0,8.0,9.2,54
2026-07-03T23:21:43,Chennai,27.6,78,13.5,0.0,8.5,10.4,52
2026-07-03T23:21:43,Gurugram,30.1,79,4.9,0.0,64.7,105.2,133
2026-07-04T01:23:08,Bengaluru,21.3,90,17.7,0.0,2.2,2.5,19
2026-07-04T01:23:08,Delhi,30.5,77,4.5,0.0,58.0,79.6,109
2026-07-04T01:23:09,Mumbai,26.4,92,15.2,0.6,9.4,19.5,42
2026-07-04T01:23:09,New York,38.9,27,19.6,0.0,9.9,11.6,87
2026-07-04T01:23:09,Chennai,27.9,74,15.1,0.0,9.5,11.2,51
2026-07-04T01:23:10,Gurugram,30.0,77,6.6,0.0,59.0,86.6,129
2026-07-04T03:05:22,Bengaluru,21.0,93,19.8,0.1,1.5,1.7,18
2026-07-04T03:05:25,Delhi,29.6,78,6.4,0.0,56.8,67.3,112
2026-07-04T03:05:29,Mumbai,26.1,94,19.3,3.2,9.1,19.8,41
2026-07-04T03:05:31,New York,38.4,34,18.1,0.0,11.3,13.0,110
2026-07-04T03:05:35,Chennai,28.8,65,16.5,0.0,6.1,7.2,51
2026-07-04T03:05:38,Gurugram,29.0,82,4.4,0.0,56.8,69.6,125
2026-07-04T09:35:39,Bengaluru,23.5,76,23.8,0.1,2.8,3.2,18
2026-07-04T09:35:40,Delhi,34.5,53,4.1,0.0,38.4,53.1,132
2026-07-04T09:35:40,Mumbai,26.3,90,19.6,2.5,11.8,22.5,37
2026-07-04T09:35:40,New York,29.5,58,7.0,0.0,14.7,16.3,47
2026-07-04T09:35:41,Chennai,29.5,64,14.8,0.0,6.6,8.6,44
2026-07-04T09:35:41,Gurugram,33.2,60,5.9,0.0,49.2,139.7,141
2026-07-04T12:47:51,Bengaluru,28.0,54,27.3,0.1,5.6,11.1,19
2026-07-04T12:47:52,Delhi,37.1,46,5.3,0.0,36.8,70.1,135
2026-07-04T12:47:52,Mumbai,26.2,91,22.0,2.4,9.4,17.9,38
2026-07-04T12:47:52,New York,23.6,85,2.6,0.0,16.1,17.7,42
2026-07-04T12:47:52,Chennai,31.6,56,17.6,0.0,10.5,13.6,40
2026-07-04T12:47:52,Gurugram,33.7,58,6.1,0.1,29.3,70.3,146
2026-07-04T15:57:50,Bengaluru,27.0,54,26.3,0.0,5.5,9.2,22
2026-07-04T15:57:50,Delhi,32.5,66,5.5,0.0,41.3,61.7,159
2026-07-04T15:57:50,Mumbai,26.1,91,20.5,1.3,5.7,9.1,37
2026-07-04T15:57:51,New York,23.8,88,3.3,0.0,16.4,17.6,45
2026-07-04T15:57:51,Chennai,30.8,60,16.7,0.0,11.6,17.1,38
2026-07-04T15:57:51,Gurugram,32.5,65,7.7,0.0,31.3,46.2,145
2026-07-04T19:32:11,Bengaluru,23.2,75,20.6,0.0,4.8,6.5,26
2026-07-04T19:32:12,Delhi,33.8,59,7.8,0.0,51.9,95.7,181
2026-07-04T19:32:12,Mumbai,26.1,90,21.8,0.7,8.5,15.0,29
2026-07-04T19:32:12,New York,29.6,72,10.5,0.0,8.9,9.4,53
2026-07-04T19:32:12,Chennai,29.4,70,13.3,0.0,14.0,18.6,36
2026-07-04T19:32:12,Gurugram,32.0,68,6.6,0.0,54.5,118.7,188
2026-07-04T21:04:02,Bengaluru,22.5,80,17.5,0.0,4.3,5.1,25
2026-07-04T21:04:02,Delhi,33.2,63,6.4,0.0,61.0,95.2,175
2026-07-04T21:04:02,Mumbai,26.2,91,21.4,0.9,9.1,17.0,29
2026-07-04T21:04:02,New York,32.3,61,12.6,0.0,7.7,8.2,54
2026-07-04T21:04:02,Chennai,29.6,69,11.3,0.0,13.6,18.2,37
2026-07-04T21:04:03,Gurugram,31.4,72,3.8,0.0,55.1,100.4,186
2026-07-04T23:00:15,Bengaluru,21.8,85,18.0,0.0,3.3,3.7,23
2026-07-04T23:00:15,Delhi,32.7,66,5.2,0.0,80.3,104.3,143
2026-07-04T23:00:15,Mumbai,26.5,92,18.0,1.3,6.5,12.1,29
2026-07-04T23:00:16,New York,35.0,43,19.4,0.0,7.1,7.7,54
2026-07-04T23:00:16,Chennai,29.9,64,13.6,0.0,12.8,16.5,38
2026-07-04T23:00:16,Gurugram,30.6,78,6.1,0.0,56.2,83.1,164
2026-07-05T01:10:20,Bengaluru,21.3,86,18.6,0.0,2.2,2.5,20
2026-07-05T01:10:20,Delhi,32.2,69,3.4,0.0,70.5,76.8,139
2026-07-05T01:10:20,Mumbai,26.0,91,18.8,1.2,6.0,12.5,28
2026-07-05T01:10:20,New York,35.8,37,17.8,0.0,7.8,8.6,80
2026-07-05T01:10:20,Chennai,30.4,56,16.0,0.0,9.9,12.5,38
2026-07-05T01:10:21,Gurugram,30.0,82,3.6,0.0,49.2,63.6,137
2026-07-05T02:45:17,Bengaluru,21.3,88,20.0,0.0,1.8,2.1,18
2026-07-05T02:45:18,Delhi,29.5,87,1.5,0.0,71.2,74.5,141
2026-07-05T02:45:18,Mumbai,26.1,94,20.9,2.5,6.6,13.2,27
2026-07-05T02:45:18,New York,35.9,36,12.9,0.0,9.5,10.3,104
2026-07-05T02:45:18,Chennai,30.3,51,15.3,0.0,5.1,6.6,38
2026-07-05T02:45:18,Gurugram,28.7,91,3.4,0.0,52.4,64.0,135
2026-07-05T04:46:29,Bengaluru,21.2,87,19.2,0.0,1.7,2.5,18
2026-07-05T04:46:29,Delhi,29.4,86,3.4,0.0,66.4,83.4,150
2026-07-05T04:46:29,Mumbai,26.4,92,19.3,2.1,6.7,12.8,29
2026-07-05T04:46:30,New York,35.1,34,15.9,0.0,6.9,7.1,114
2026-07-05T04:46:30,Chennai,29.7,56,16.7,0.0,7.5,10.2,42
2026-07-05T04:46:30,Gurugram,28.5,92,3.6,0.0,56.7,70.1,149
2026-07-05T10:03:32,Bengaluru,24.6,66,27.1,0.0,4.0,6.4,19
2026-07-05T10:03:32,Delhi,32.4,70,5.6,0.0,44.6,59.4,150
2026-07-05T10:03:33,Mumbai,26.4,91,30.7,1.7,3.7,5.0,29
2026-07-05T10:03:33,New York,25.2,85,19.8,0.5,10.4,10.6,49
2026-07-05T10:03:33,Chennai,34.2,42,21.6,0.0,7.0,10.6,43
2026-07-05T10:03:34,Gurugram,32.0,71,8.8,0.1,40.5,55.8,145
2026-07-05T14:54:17,Bengaluru,28.5,48,29.0,0.0,9.7,19.1,23
2026-07-05T14:54:17,Delhi,37.5,48,0.6,0.0,51.3,67.3,151
2026-07-05T14:54:17,Mumbai,26.5,91,33.6,0.9,4.4,6.1,26
2026-07-05T14:54:17,New York,22.5,93,4.7,0.0,8.1,8.3,42
2026-07-05T14:54:18,Chennai,37.7,31,15.1,0.0,16.2,24.7,45
2026-07-05T14:54:18,Gurugram,36.5,50,1.4,0.0,38.1,74.3,145
2026-07-05T17:19:46,Bengaluru,27.1,48,24.9,0.0,10.0,18.5,27
2026-07-05T17:19:47,Delhi,35.3,55,3.9,0.1,36.4,56.0,184
2026-07-05T17:19:47,Mumbai,26.9,88,30.6,0.4,8.6,16.6,27
2026-07-05T17:19:47,New York,24.1,87,2.3,0.0,17.1,17.5,55
2026-07-05T17:19:47,Chennai,36.7,38,10.1,0.0,16.7,26.3,50
2026-07-05T17:19:47,Gurugram,36.3,48,3.1,0.0,37.5,124.8,153
2026-07-05T19:42:11,Bengaluru,24.2,65,20.7,0.0,8.4,12.7,30
2026-07-05T19:42:12,Delhi,33.2,64,3.4,0.1,46.0,64.0,206
2026-07-05T19:42:12,Mumbai,26.5,88,28.5,0.9,11.5,24.2,28
2026-07-05T19:42:12,New York,26.0,79,2.2,0.0,18.7,19.5,56
2026-07-05T19:42:13,Chennai,33.3,52,9.3,0.0,16.6,25.5,51
2026-07-05T19:42:13,Gurugram,30.9,74,7.6,0.0,50.8,101.0,162
2026-07-05T21:09:57,Bengaluru,22.6,75,18.3,0.0,6.7,9.5,30
2026-07-05T21:09:58,Delhi,31.9,74,4.0,0.0,49.9,67.3,202
2026-07-05T21:09:58,Mumbai,26.4,92,28.6,1.8,12.8,29.7,28
2026-07-05T21:09:58,New York,26.0,80,3.6,0.0,20.1,21.0,56
2026-07-05T21:09:58,Chennai,34.2,39,10.5,0.0,16.5,24.8,51
2026-07-05T21:09:58,Gurugram,30.9,78,4.7,0.0,57.2,106.2,150
2026-07-05T23:03:20,Bengaluru,21.5,82,17.1,0.0,5.8,9.8,27
2026-07-05T23:03:20,Delhi,31.0,79,5.4,0.0,59.0,79.2,170
2026-07-05T23:03:20,Mumbai,26.7,89,28.9,1.4,14.8,33.9,30
2026-07-05T23:03:20,New York,26.3,74,8.0,0.0,22.0,23.0,58
2026-07-05T23:03:20,Chennai,32.8,40,16.4,0.0,15.1,22.1,51
2026-07-05T23:03:21,Gurugram,30.9,78,7.6,0.0,55.9,93.4,123
2026-07-06T01:15:50,Bengaluru,20.8,86,17.9,0.0,3.2,4.6,24
2026-07-06T01:15:50,Delhi,30.2,82,5.1,0.0,54.6,78.2,129
2026-07-06T01:15:50,Mumbai,26.5,90,27.9,0.8,14.6,33.5,33
2026-07-06T01:15:50,New York,28.1,67,10.0,0.0,23.4,24.6,61
2026-07-06T01:15:51,Chennai,31.4,44,15.0,0.0,11.0,16.5,52
2026-07-06T01:15:51,Gurugram,29.9,83,7.4,0.0,50.5,81.0,120
2026-07-06T02:59:37,Bengaluru,20.8,86,18.4,0.0,2.5,3.7,22
2026-07-06T02:59:37,Delhi,26.8,96,7.5,0.3,47.5,69.4,125
2026-07-06T02:59:37,Mumbai,26.2,91,18.3,1.0,13.4,30.4,35
2026-07-06T02:59:37,New York,28.0,61,10.7,0.0,22.5,23.7,74
2026-07-06T02:59:37,Chennai,30.0,45,14.8,0.0,9.0,13.2,51
2026-07-06T02:59:38,Gurugram,27.0,96,5.8,0.4,47.8,70.3,119
2026-07-06T05:00:30,Bengaluru,20.8,86,18.6,0.0,2.2,3.4,28
2026-07-06T05:00:30,Delhi,26.5,96,6.2,0.1,38.9,42.4,130
2026-07-06T05:00:30,Mumbai,26.2,91,22.4,1.0,8.9,17.5,34
2026-07-06T05:00:31,New York,25.4,84,11.8,0.0,22.9,23.6,130
2026-07-06T05:00:31,Chennai,29.0,50,13.2,0.0,12.4,19.8,51
2026-07-06T05:00:31,Gurugram,26.4,98,8.0,0.1,36.7,43.1,137
2026-07-06T10:14:47,Bengaluru,25.5,61,26.7,0.0,3.4,4.5,27
2026-07-06T10:14:48,Delhi,33.6,61,4.5,0.0,29.8,35.2,122
2026-07-06T10:14:48,Mumbai,26.6,91,28.1,11.9,10.6,18.3,39
2026-07-06T10:14:48,New York,21.6,91,27.0,2.5,24.6,27.5,80
2026-07-06T10:14:48,Chennai,33.7,41,18.0,0.0,10.7,16.2,53
2026-07-06T10:14:49,Gurugram,33.0,61,5.6,0.0,21.8,25.9,132
2026-07-06T16:36:53,Bengaluru,28.8,49,29.1,0.0,4.3,7.3,31
2026-07-06T16:36:53,Delhi,34.9,59,0.3,0.0,33.1,34.6,134
2026-07-06T16:36:53,Mumbai,26.9,93,16.6,0.8,13.7,21.7,38
2026-07-06T16:36:53,New York,20.6,92,13.8,0.1,14.0,14.8,66
2026-07-06T16:36:54,Chennai,40.2,26,21.0,0.0,19.1,31.0,57
2026-07-06T16:36:54,Gurugram,35.7,54,1.5,0.0,27.9,55.3,122
2026-07-06T21:26:45,Bengaluru,22.8,78,19.8,0.0,6.5,10.1,30
2026-07-06T21:26:45,Delhi,32.5,69,3.3,0.0,72.9,73.6,194
2026-07-06T21:26:45,Mumbai,26.4,92,25.8,1.4,13.6,28.3,41
2026-07-06T21:26:45,New York,20.9,94,13.9,0.1,14.1,15.7,66
2026-07-06T21:26:46,Chennai,35.3,38,15.4,0.0,19.0,28.5,58
2026-07-06T21:26:46,Gurugram,31.8,70,7.3,0.0,71.0,92.4,149
2026-07-06T23:51:57,Bengaluru,21.8,85,19.1,0.0,3.6,5.0,25
2026-07-06T23:51:58,Delhi,31.4,74,4.2,0.0,70.1,73.1,136
2026-07-06T23:51:58,Mumbai,26.4,95,24.0,4.1,15.1,33.1,42
2026-07-06T23:51:58,New York,19.9,96,15.0,0.1,8.5,9.6,65
2026-07-06T23:51:59,Chennai,33.5,42,17.8,0.0,10.5,14.8,59
2026-07-06T23:51:59,Gurugram,30.8,75,7.3,0.0,67.1,82.4,109
2026-07-07T03:19:55,Bengaluru,21.0,88,19.9,0.0,1.8,2.2,22
2026-07-07T03:19:55,Delhi,29.9,84,4.4,0.0,68.2,71.9,115
2026-07-07T03:19:55,Mumbai,26.7,90,27.8,1.0,14.9,34.8,44
2026-07-07T03:19:56,New York,19.1,94,22.9,0.0,6.6,7.2,62
2026-07-07T03:19:56,Chennai,30.9,49,13.0,0.0,6.9,10.7,58
2026-07-07T03:19:56,Gurugram,29.8,83,6.3,0.0,55.8,75.7,108
2026-07-07T05:02:57,Bengaluru,20.8,87,20.2,0.0,3.0,5.3,21
2026-07-07T05:02:58,Delhi,29.3,85,4.9,0.0,65.0,72.9,115
2026-07-07T05:02:58,Mumbai,26.8,90,26.1,1.0,12.4,27.1,39
2026-07-07T05:02:58,New York,18.6,95,16.6,0.0,6.8,7.1,57
2026-07-07T05:02:59,Chennai,30.2,52,14.1,0.0,8.4,14.2,61
2026-07-07T05:02:59,Gurugram,29.2,85,8.3,0.0,62.4,80.3,109
2026-07-07T09:57:12,Bengaluru,25.0,65,27.3,0.0,2.5,3.2,23
2026-07-07T09:57:12,Delhi,28.9,87,7.1,0.0,62.2,120.6,135
2026-07-07T09:57:12,Mumbai,27.1,91,14.2,0.9,14.1,28.5,42
2026-07-07T09:57:13,New York,18.5,93,13.4,0.0,7.4,7.9,50
2026-07-07T09:57:13,Chennai,33.5,45,17.4,0.0,10.7,17.8,59
2026-07-07T09:57:13,Gurugram,28.7,85,12.0,0.0,70.8,293.4,129
2026-07-07T15:32:29,Bengaluru,28.6,49,30.8,0.1,7.9,16.9,29
2026-07-07T15:32:29,Delhi,33.5,61,3.1,0.1,51.9,80.6,150
2026-07-07T15:32:29,Mumbai,26.6,90,12.8,0.9,15.6,34.6,51
2026-07-07T15:32:29,New York,18.1,94,11.5,0.0,5.0,5.3,35
2026-07-07T15:32:30,Chennai,38.6,33,18.7,0.0,18.5,28.4,57
2026-07-07T15:32:30,Gurugram,34.0,61,6.4,0.0,56.5,148.1,150
2026-07-07T18:09:56,Bengaluru,25.4,60,27.1,0.0,7.7,13.9,32
2026-07-07T18:09:57,Delhi,29.5,83,9.2,0.0,48.2,56.9,181
2026-07-07T18:09:57,Mumbai,26.6,88,17.1,0.4,14.6,29.0,52
2026-07-07T18:09:57,New York,17.5,93,13.4,0.0,5.0,5.1,29
2026-07-07T18:09:58,Chennai,35.3,44,13.7,0.0,18.7,29.0,61
2026-07-07T18:09:58,Gurugram,30.7,75,11.1,0.0,38.2,57.2,136
2026-07-07T22:12:39,Bengaluru,22.2,76,19.6,0.0,6.5,10.0,29
2026-07-07T22:12:39,Delhi,28.6,87,6.1,0.0,97.3,102.7,200
2026-07-07T22:12:39,Mumbai,26.4,93,21.8,2.1,10.6,19.3,53
2026-07-07T22:12:39,New York,20.5,89,15.5,0.0,5.5,5.7,27
2026-07-07T22:12:40,Chennai,34.5,39,18.3,0.0,20.0,29.6,60
2026-07-07T22:12:40,Gurugram,29.0,83,9.8,0.0,79.6,88.9,153
2026-07-08T01:47:49,Bengaluru,21.4,84,19.7,0.0,3.6,5.7,22
2026-07-08T01:47:49,Delhi,26.9,96,2.5,0.0,61.5,99.9,151
2026-07-08T01:47:50,Mumbai,25.8,95,11.9,1.1,10.5,21.4,53
2026-07-08T01:47:50,New York,19.9,88,11.2,0.0,5.3,5.4,32
2026-07-08T01:47:50,Chennai,32.2,46,14.6,0.0,9.6,15.7,59
2026-07-08T01:47:50,Gurugram,26.8,96,4.8,0.0,75.2,250.5,144
2026-07-08T04:46:24,Bengaluru,21.2,85,20.0,0.0,2.9,4.7,27
2026-07-08T04:46:25,Delhi,26.1,94,6.6,0.3,39.5,43.0,132
2026-07-08T04:46:25,Mumbai,26.3,93,12.5,0.2,16.8,33.6,54
2026-07-08T04:46:25,New York,19.6,88,11.3,0.0,6.2,6.4,36
2026-07-08T04:46:26,Chennai,30.7,51,11.9,0.0,14.4,26.1,62
2026-07-08T04:46:26,Gurugram,25.9,95,8.5,1.1,32.1,35.7,125
2026-07-08T09:19:06,Bengaluru,24.8,69,25.5,0.0,4.9,8.7,27
2026-07-08T09:19:06,Delhi,26.5,91,9.6,0.1,24.7,24.9,126
2026-07-08T09:19:06,Mumbai,28.5,79,18.6,0.2,15.7,29.2,54
2026-07-08T09:19:07,New York,18.6,88,7.6,0.0,8.5,8.6,31
2026-07-08T09:19:07,Chennai,33.0,47,17.2,0.0,12.3,18.0,62
2026-07-08T09:19:07,Gurugram,26.3,92,10.8,0.2,27.0,27.1,117
2026-07-08T12:10:29,Bengaluru,28.6,50,27.8,0.1,5.5,9.5,28
2026-07-08T12:10:29,Delhi,26.6,95,9.7,1.6,14.1,14.3,118
2026-07-08T12:10:29,Mumbai,29.1,75,17.0,0.2,17.5,35.9,54
2026-07-08T12:10:29,New York,18.3,92,6.8,0.0,10.0,10.2,25
2026-07-08T12:10:29,Chennai,37.0,37,21.8,0.0,10.2,15.1,60
2026-07-08T12:10:30,Gurugram,26.7,93,15.2,3.1,13.8,14.0,111
2026-07-08T16:01:27,Bengaluru,28.6,53,23.9,0.0,4.0,5.6,28
2026-07-08T16:01:27,Delhi,29.9,76,7.6,0.0,30.3,31.2,120
2026-07-08T16:01:27,Mumbai,29.0,79,19.1,0.1,17.6,37.6,56
2026-07-08T16:01:28,New York,18.1,92,7.1,0.0,10.9,11.0,27
2026-07-08T16:01:28,Chennai,37.0,39,10.3,0.0,25.3,39.9,64
2026-07-08T16:01:29,Gurugram,30.0,73,9.1,0.0,36.1,36.9,117
2026-07-08T20:13:11,Bengaluru,23.3,78,16.0,0.0,7.9,11.9,28
2026-07-08T20:13:11,Delhi,27.0,95,5.2,0.5,38.0,38.5,113
2026-07-08T20:13:12,Mumbai,28.0,89,16.5,0.0,18.4,40.7,59
2026-07-08T20:13:12,New York,23.4,74,6.1,0.0,17.2,17.8,33
2026-07-08T20:13:12,Chennai,31.3,70,15.5,0.0,23.6,35.4,65
2026-07-08T20:13:12,Gurugram,27.1,94,7.8,0.3,48.8,49.2,118
2026-07-08T23:23:49,Bengaluru,21.5,86,17.0,0.0,7.5,10.0,24
2026-07-08T23:23:49,Delhi,26.0,95,11.1,0.7,49.5,49.9,113
2026-07-08T23:23:49,Mumbai,28.1,88,18.4,0.0,16.4,35.0,60
2026-07-08T23:23:49,New York,27.8,53,8.6,0.0,21.0,21.9,40
2026-07-08T23:23:49,Chennai,32.0,52,13.0,0.0,17.7,24.6,65
2026-07-08T23:23:50,Gurugram,25.7,97,11.4,0.6,56.7,57.0,119
2026-07-09T01:27:52,Bengaluru,21.0,88,15.8,0.0,4.1,5.1,21
2026-07-09T01:27:52,Delhi,26.1,95,11.3,0.6,40.0,40.3,110
2026-07-09T01:27:53,Mumbai,27.8,87,18.0,0.0,14.8,32.9,61
2026-07-09T01:27:53,New York,28.3,47,13.7,0.0,22.8,23.8,45
2026-07-09T01:27:53,Chennai,31.5,54,12.4,0.0,11.5,15.0,65
2026-07-09T01:27:53,Gurugram,25.8,97,10.8,0.8,39.2,39.5,116
2026-07-09T03:03:31,Bengaluru,20.6,90,15.8,0.0,2.8,3.9,20
2026-07-09T03:03:31,Delhi,25.8,97,13.6,0.8,27.2,27.5,106
2026-07-09T03:03:32,Mumbai,28.1,84,18.3,0.0,13.9,30.4,60
2026-07-09T03:03:32,New York,27.5,59,17.2,0.0,22.6,23.6,84
2026-07-09T03:03:32,Chennai,31.0,56,12.1,0.0,10.1,13.7,64
2026-07-09T03:03:33,Gurugram,25.6,98,14.7,2.0,23.5,23.7,111
2026-07-09T05:04:05,Bengaluru,20.6,89,16.1,0.0,3.4,5.5,22
2026-07-09T05:04:05,Delhi,25.5,96,13.4,1.6,16.0,16.0,93
2026-07-09T05:04:05,Mumbai,27.6,86,18.6,0.0,16.0,39.9,61
2026-07-09T05:04:06,New York,25.8,73,14.1,0.0,18.4,18.7,87
2026-07-09T05:04:06,Chennai,30.7,54,12.8,0.0,12.7,17.2,68
2026-07-09T05:04:06,Gurugram,25.4,97,15.7,6.9,15.8,15.8,93
2026-07-09T09:46:23,Bengaluru,26.0,61,19.5,0.0,5.4,8.2,23
2026-07-09T09:46:24,Delhi,26.5,94,8.9,0.2,15.8,15.8,80
2026-07-09T09:46:24,Mumbai,28.4,79,19.8,0.2,16.4,32.9,60
2026-07-09T09:46:24,New York,21.9,89,10.4,0.0,19.7,20.1,49
2026-07-09T09:46:25,Chennai,34.3,47,11.5,0.0,10.4,16.5,66
2026-07-09T09:46:25,Gurugram,27.6,86,13.2,0.0,16.9,16.9,83
2026-07-09T13:26:36,Bengaluru,29.5,51,17.0,0.0,5.6,10.7,23
2026-07-09T13:26:36,Delhi,26.2,94,11.9,0.4,14.2,14.2,76
2026-07-09T13:26:37,Mumbai,29.2,78,20.9,0.0,17.2,33.4,60
2026-07-09T13:26:37,New York,20.9,88,11.5,0.0,15.5,15.7,52
2026-07-09T13:26:37,Chennai,36.9,41,8.6,0.1,14.1,20.7,64
2026-07-09T13:26:37,Gurugram,27.6,76,16.4,0.0,15.3,16.2,79
2026-07-09T16:51:01,Bengaluru,28.1,53,18.3,0.0,7.7,13.9,30
2026-07-09T16:51:01,Delhi,26.2,95,13.2,0.2,23.0,47.8,83
2026-07-09T16:51:01,Mumbai,29.0,78,19.5,0.1,15.9,33.6,59
2026-07-09T16:51:01,New York,22.0,89,10.9,0.0,13.4,13.5,52
2026-07-09T16:51:02,Chennai,32.6,64,13.3,0.0,18.5,27.1,64
2026-07-09T16:51:02,Gurugram,26.5,89,19.5,0.2,59.8,306.4,98
2026-07-09T21:06:55,Bengaluru,23.5,79,14.8,0.0,10.4,14.7,30
2026-07-09T21:06:55,Delhi,26.0,90,4.2,0.0,47.7,57.0,80
2026-07-09T21:06:55,Mumbai,27.6,87,17.1,0.0,14.6,30.6,59
2026-07-09T21:06:56,New York,27.2,73,14.7,0.0,13.0,13.1,54
2026-07-09T21:06:56,Chennai,29.9,78,10.5,0.0,19.0,25.6,61
2026-07-09T21:06:56,Gurugram,26.9,88,5.1,0.0,59.4,112.7,105
2026-07-09T23:42:45,Bengaluru,22.0,86,12.7,0.0,8.0,10.6,25
2026-07-09T23:42:45,Delhi,25.9,94,1.4,0.0,71.5,72.4,86
2026-07-09T23:42:45,Mumbai,27.3,84,17.2,0.1,14.2,33.8,58
2026-07-09T23:42:46,New York,27.4,74,16.1,0.2,11.4,11.8,55
2026-07-09T23:42:46,Chennai,29.6,76,11.8,0.0,17.9,23.9,59
2026-07-09T23:42:46,Gurugram,26.0,92,1.7,0.0,87.5,93.8,116
2026-07-10T01:38:55,Bengaluru,21.5,87,12.1,0.0,5.5,7.8,26
2026-07-10T01:38:55,Delhi,25.5,94,7.1,0.0,66.6,69.2,94
2026-07-10T01:38:55,Mumbai,27.4,88,16.0,0.0,13.9,33.9,57
2026-07-10T01:38:55,New York,24.0,84,12.4,0.0,14.0,15.3,64
2026-07-10T01:38:56,Chennai,27.5,92,6.7,0.1,18.5,25.1,59
2026-07-10T01:38:56,Gurugram,25.8,92,5.8,0.0,88.7,89.4,129
2026-07-10T03:18:53,Bengaluru,20.9,91,12.4,0.0,5.1,7.7,26
2026-07-10T03:18:53,Delhi,25.4,94,9.0,0.0,60.1,64.7,98
2026-07-10T03:18:53,Mumbai,27.1,88,16.1,0.0,13.9,32.6,57
2026-07-10T03:18:53,New York,23.5,95,8.4,0.0,13.3,14.3,79
2026-07-10T03:18:53,Chennai,28.4,88,9.1,0.0,18.3,25.0,59
2026-07-10T03:18:54,Gurugram,25.5,93,10.0,0.0,70.5,70.8,137
2026-07-10T05:09:34,Bengaluru,20.8,91,12.5,0.0,7.4,11.3,32
2026-07-10T05:09:34,Delhi,25.6,92,12.1,0.0,81.3,89.2,124
2026-07-10T05:09:35,Mumbai,27.1,88,16.6,0.1,15.5,39.5,58
2026-07-10T05:09:35,New York,23.8,91,9.3,0.0,12.9,13.3,85
2026-07-10T05:09:35,Chennai,28.2,85,9.1,0.0,16.1,21.1,61
2026-07-10T05:09:35,Gurugram,25.5,92,13.5,0.0,74.0,121.5,150
